Company_Name,Job_Opening,Industry,Salary,Job_Url,Excel/VBA,SQL,Python,Google Analytics,R,C語言,Tableau,SAS,Java,SPSS,Linux,Power BI​,HTML,CSS,Google Tag Manager
(總公司)南山人壽保險股份有限公司,人力資源數據分析師/資深分析師,人身保險業,待遇面議,http://www.104.com.tw/job/3ejbo?jobsource=jolist_a_relevance,1,1,0,0,0,0,0,0,0,0,0,0,0,0,0
(總公司)南山人壽保險股份有限公司,銀行通路業務訓練人員(TO),人身保險業,待遇面議,http://www.104.com.tw/job/4imiu?jobsource=jolist_a_relevance,1,0,0,0,0,0,0,0,0,0,0,0,0,0,0
17LIVE_英屬維京群島商藝啟股份有限公司臺灣分公司,(Jr./Sr.) Data Analyst 資深資料分析師,網際網路相關業,待遇面議,http://www.104.com.tw/job/736bz?jobsource=jolist_a_relevance,0,2,1,0,1,0,0,0,0,0,0,0,0,0,0
17LIVE_英屬維京群島商藝啟股份有限公司臺灣分公司,Business Efficiency Analyst 商業分析師,網際網路相關業,待遇面議,http://www.104.com.tw/job/73vok?jobsource=jolist_a_relevance,0,0,0,0,0,0,0,0,0,0,0,0,0,0,0
17LIVE_英屬維京群島商藝啟股份有限公司臺灣分公司,Product Data Analyst 產品數據分析師,網際網路相關業,待遇面議,http://www.104.com.tw/job/701ac?jobsource=jolist_a_relevance,0,0,0,0,0,0,0,0,0,0,0,0,0,0,0
21風味館_二十一世紀生活事業股份有限公司,門市儲備店經理-台北地區,其他餐飲業,"月薪34,000~37,000元",http://www.104.com.tw/job/6wp2f?jobsource=jolist_a_relevance,1,0,0,0,0,0,0,0,0,0,0,0,0,0,0
91APP_九易宇軒股份有限公司,CRM數據資深分析師/品牌數據資深分析顧問,網際網路相關業,待遇面議,http://www.104.com.tw/job/5t187?jobsource=jolist_a_relevance,0,0,0,0,0,0,0,0,0,0,0,0,0,0,0
91APP_九易宇軒股份有限公司,招商業務處_業務行銷經理,網際網路相關業,待遇面議,http://www.104.com.tw/job/6x4lz?jobsource=jolist_a_relevance,0,0,0,0,0,0,0,0,0,0,0,0,0,0,0
91APP_九易宇軒股份有限公司,新零售系統 資深產品經理 Senior OMO Product Owner,網際網路相關業,待遇面議,http://www.104.com.tw/job/6l6cl?jobsource=jolist_a_relevance,0,0,0,0,0,0,0,0,0,0,0,0,0,0,0
91APP_九易宇軒股份有限公司,營運管理處 客戶關係管理 CRM Coordinator,網際網路相關業,待遇面議,http://www.104.com.tw/job/72vt4?jobsource=jolist_a_relevance,0,0,0,0,0,0,0,0,0,0,0,0,0,0,0
91APP_九易宇軒股份有限公司,產品管理師/產品經理,網際網路相關業,待遇面議,http://www.104.com.tw/job/5gjf6?jobsource=jolist_a_relevance,0,0,0,0,0,0,0,0,0,0,0,0,0,0,0
91APP_九易宇軒股份有限公司,雲端資料工程師 (Cloud Data Engineer),網際網路相關業,待遇面議,http://www.104.com.tw/job/5s15o?jobsource=jolist_a_relevance,0,0,0,0,0,0,0,0,0,0,0,0,0,0,0
ATT_吸引力生活事業股份有限公司,開發部專員、課階主管 (大直店),百貨相關業,待遇面議,http://www.104.com.tw/job/4rdol?jobsource=jolist_a_relevance,0,0,0,0,0,0,0,0,0,0,0,0,0,0,0
Advantech_研華股份有限公司,Marketing Analytics,電腦系統整合服務業,待遇面議,http://www.104.com.tw/job/74fl0?jobsource=jolist_a_relevance,0,0,0,0,1,0,0,1,0,0,0,0,0,0,0
Advantech_研華股份有限公司,研華品牌電商數位行銷經理Advantech Online Store Digital Marketing Manager (IoTMart)-內湖,電腦系統整合服務業,待遇面議,http://www.104.com.tw/job/6q8pw?jobsource=jolist_a_relevance,0,0,0,0,0,0,0,0,0,0,0,0,0,0,0
Anden Hud_采定國際行銷股份有限公司,數位媒體投放資深專員/主管 (海外),紡織成衣業,"月薪40,000~65,000元",http://www.104.com.tw/job/730ce?jobsource=jolist_a_relevance,0,0,0,0,0,0,0,0,0,0,0,0,0,0,0
DR.WU SKINCARE_達爾膚生醫科技股份有限公司,行銷專員/主任,藥品／化妝品及清潔用品零售業,待遇面議,http://www.104.com.tw/job/6scvq?jobsource=jolist_a_relevance,1,0,0,0,0,0,0,0,0,0,0,0,0,0,0
Edenred_新加坡商宜睿智慧股份有限公司台灣分公司,Project Manager,其他金融及輔助業,待遇面議,http://www.104.com.tw/job/6ze59?jobsource=jolist_a_relevance,0,0,0,0,0,0,0,0,0,0,0,0,0,0,0
Edenred_新加坡商宜睿智慧股份有限公司台灣分公司,Regional UI/UX Designer,其他金融及輔助業,待遇面議,http://www.104.com.tw/job/74g0t?jobsource=jolist_a_relevance,0,0,0,0,0,0,0,0,0,0,0,0,0,0,0
Finger Game_芬格國際有限公司,遊戲企劃,電腦軟體服務業,待遇面議,http://www.104.com.tw/job/71m2g?jobsource=jolist_a_relevance,0,0,0,0,0,0,0,0,0,0,0,0,0,0,0
GOGOX_德發貨運有限公司,Business Development Executive 商務開發專員,汽車貨運業,待遇面議,http://www.104.com.tw/job/73bc8?jobsource=jolist_a_relevance,0,0,0,0,0,0,0,0,0,0,0,0,0,0,0
LINE Bank_連線商業銀行股份有限公司,(LINE Bank) Data Engineer/Data Architect_資料工程師/資料架構師,網際網路相關業,待遇面議,http://www.104.com.tw/job/6uceh?jobsource=jolist_a_relevance,0,0,0,0,0,0,0,0,0,0,0,0,0,0,0
MeMe直播_英屬維京群島商未來趣娛有限公司台灣分公司,社群營運企劃（MeMe 直播）,電腦軟體服務業,待遇面議,http://www.104.com.tw/job/738f2?jobsource=jolist_a_relevance,1,0,0,0,0,0,0,0,0,0,0,0,0,0,0
OB嚴選_橘熊科技股份有限公司,APP會員運營資深專員/課級主管-創新事業處,網際網路相關業,待遇面議,http://www.104.com.tw/job/73brt?jobsource=jolist_a_relevance,0,0,0,0,0,0,0,0,0,0,0,0,0,0,0
OB嚴選_橘熊科技股份有限公司,商品分析管理師-總經理室,網際網路相關業,待遇面議,http://www.104.com.tw/job/74arl?jobsource=jolist_a_relevance,0,0,0,0,0,0,0,0,0,0,0,0,0,0,0
OB嚴選_橘熊科技股份有限公司,數據分析師-總經理室,網際網路相關業,待遇面議,http://www.104.com.tw/job/703rp?jobsource=jolist_a_relevance,0,0,1,0,1,0,1,0,0,0,0,0,0,0,0
OK_忠訓國際股份有限公司,OM005 中階資深數據工程師 / 數據科學家／數據分析師(必須相關經驗兩年以上)【第一類組 數據分析師】,其他金融及輔助業,待遇面議,http://www.104.com.tw/job/7071i?jobsource=jolist_a_relevance,0,0,0,0,0,0,0,0,0,0,0,0,0,0,0
OK_忠訓國際股份有限公司,M011廣告行銷專員,其他金融及輔助業,"月薪26,000~45,000元",http://www.104.com.tw/job/7071g?jobsource=jolist_a_relevance,1,0,0,0,0,0,0,0,0,0,0,0,0,0,0
OK超商_來來超商股份有限公司,【總公司】會員經營經(副)理-A01,量販流通相關業,待遇面議,http://www.104.com.tw/job/72si2?jobsource=jolist_a_relevance,0,0,0,0,0,0,0,0,0,0,0,0,0,0,0
OK超商_來來超商股份有限公司,【總公司】會員經營經(副)理-B01,量販流通相關業,待遇面議,http://www.104.com.tw/job/72yki?jobsource=jolist_a_relevance,0,0,0,0,0,0,0,0,0,0,0,0,0,0,0
OP_台灣中科生物技研股份有限公司,行銷處 — 產品行銷副理(家用清潔品類)【月均薪 5.8～6.3 萬，季獎金另計】,清潔用品製造業,"月薪50,000~55,000元",http://www.104.com.tw/job/6tt41?jobsource=jolist_a_relevance,1,0,0,0,0,0,0,0,0,0,0,0,0,0,0
PChome Online_網路家庭國際資訊(股)公司,大數據工程師(POD00),網際網路相關業,待遇面議,http://www.104.com.tw/job/6a27l?jobsource=jolist_a_relevance,0,0,1,0,0,0,0,0,1,0,0,0,0,0,0
PChome Online_網路家庭國際資訊(股)公司,產品經理(非電子商務),網際網路相關業,待遇面議,http://www.104.com.tw/job/71uqz?jobsource=jolist_a_relevance,0,0,0,0,0,0,0,0,0,0,0,0,0,0,0
PChome Online_網路家庭國際資訊(股)公司,行銷企劃/主任(數據分析),網際網路相關業,待遇面議,http://www.104.com.tw/job/6ygfx?jobsource=jolist_a_relevance,1,0,0,1,0,0,0,0,0,0,0,0,0,0,0
PIXNET_優像數位媒體科技股份有限公司,營運企劃(NC-痞客邦),多媒體相關業,待遇面議,http://www.104.com.tw/job/749k2?jobsource=jolist_a_relevance,1,0,0,0,0,0,0,0,0,0,0,0,0,0,0
Routine Fitness_寰邦股份有限公司,活動企劃專員,運動服務業,"月薪30,000~32,000元",http://www.104.com.tw/job/6uyph?jobsource=jolist_a_relevance,0,0,0,0,0,0,0,0,0,0,0,0,0,0,0
SF EXPRESS_台灣順豐速運股份有限公司,3.經營管理專員-CPD,陸上運輸輔助業,"月薪38,000元以上",http://www.104.com.tw/job/5xqu9?jobsource=jolist_a_relevance,1,0,0,0,0,0,0,0,0,0,0,0,0,0,0
Semeur_統一聖娜多堡股份有限公司,【統一集團】連鎖烘焙-儲備店經理 (擴大徵才~歡迎烘培業經歷加入~),餐館業,待遇面議,http://www.104.com.tw/job/6bkl9?jobsource=jolist_a_relevance,1,0,0,0,0,0,0,0,0,0,0,0,0,0,0
Shopping99_耐德科技股份有限公司,【行銷部】品牌經營專員,網際網路相關業,"月薪31,000~35,000元",http://www.104.com.tw/job/742ce?jobsource=jolist_a_relevance,0,0,0,0,0,0,0,0,0,0,0,0,0,0,0
Spring Professional_藝珂人事顧問股份有限公司躍科分公司,SWP4 615_數據分析_線上平台,人力仲介代徵,待遇面議,http://www.104.com.tw/job/74jdx?jobsource=jolist_a_relevance,0,1,1,0,0,0,0,0,0,0,0,0,0,0,0
TENDAYS_恬褋仕股份有限公司,【TENDAYs總公司】電子商務部-電商營運專員,百貨相關業,"月薪30,000~36,000元",http://www.104.com.tw/job/5eh8l?jobsource=jolist_a_relevance,1,0,0,0,0,0,0,0,0,0,0,0,0,0,0
TVBS_聯利媒體股份有限公司,主編/資深主編(新媒體事業部/女人我最大),電視業,待遇面議,http://www.104.com.tw/job/5ro66?jobsource=jolist_a_relevance,1,0,0,0,0,0,0,0,0,0,0,0,0,0,0
TVBS_聯利媒體股份有限公司,數位廣告行銷企劃專員(策略與新創事業部/企劃中心),電視業,"月薪35,000~40,000元",http://www.104.com.tw/job/5bwan?jobsource=jolist_a_relevance,0,0,0,0,0,0,0,0,0,0,0,0,0,0,0
TVBS_聯利媒體股份有限公司,海外頻道業務拓展高級專員(品牌事業暨公關部/海外頻道組),電視業,待遇面議,http://www.104.com.tw/job/72233?jobsource=jolist_a_relevance,1,0,0,0,0,0,0,0,0,0,0,0,0,0,0
TVBS_聯利媒體股份有限公司,資深數位行銷企劃專員(策略與新創事業部/企劃中心),電視業,待遇面議,http://www.104.com.tw/job/72p26?jobsource=jolist_a_relevance,0,0,0,0,0,0,0,0,0,0,0,0,0,0,0
VS MEDIA_台灣金媒體有限公司,社群數據中心丨社群經理,廣告行銷公關業,待遇面議,http://www.104.com.tw/job/71qm8?jobsource=jolist_a_relevance,1,0,0,0,0,0,0,0,0,0,0,0,0,0,0
Vacanza Accessory_假期國際有限公司,【電商部】數位廣告投放專員(數據分析),鞋類／布類／服飾品零售業,"月薪36,000~62,000元",http://www.104.com.tw/job/710z7?jobsource=jolist_a_relevance,0,0,0,0,0,0,0,0,0,0,0,0,0,0,0
lionmango_喜新國際股份有限公司,網路飾品品牌_lionmango 品牌經理,鞋類／布類／服飾品零售業,待遇面議,http://www.104.com.tw/job/72z2w?jobsource=jolist_a_relevance,0,0,0,0,0,0,0,0,0,0,0,0,0,0,0
三商家購股份有限公司,三商家購-美廉社【營運部資料分析專員】,百貨相關業,"月薪30,000~35,000元",http://www.104.com.tw/job/6aj23?jobsource=jolist_a_relevance,1,0,0,0,0,0,0,0,0,0,0,0,0,0,0
世博科技顧問股份有限公司,律師 (IBLD #525),工商顧問服務業,待遇面議,http://www.104.com.tw/job/73na4?jobsource=jolist_a_relevance,0,0,0,0,0,0,0,0,0,0,0,0,0,0,0
世博科技顧問股份有限公司,資深律師 (IBLD #517),工商顧問服務業,待遇面議,http://www.104.com.tw/job/732ce?jobsource=jolist_a_relevance,0,0,0,0,0,0,0,0,0,0,0,0,0,0,0
中嘉數位股份有限公司,經營銷售分析主任/資深專員(內湖民權),網際網路相關業,待遇面議,http://www.104.com.tw/job/72p3d?jobsource=jolist_a_relevance,0,0,0,0,0,0,0,0,0,0,0,0,0,0,0
中國人壽保險股份有限公司(總公司),V客戶體驗科主管,人身保險業,待遇面議,http://www.104.com.tw/job/72ksp?jobsource=jolist_a_relevance,0,0,0,0,0,0,0,0,0,0,0,0,0,0,0
中國人壽保險股份有限公司(總公司),C業務通路獎勵規劃及統計分析人員,人身保險業,"月薪35,000~50,000元",http://www.104.com.tw/job/469dk?jobsource=jolist_a_relevance,0,0,0,0,0,0,0,0,0,0,0,0,0,0,0
中國人壽保險股份有限公司(總公司),V客戶體驗設計人員,人身保險業,"月薪36,000~65,000元",http://www.104.com.tw/job/72ksw?jobsource=jolist_a_relevance,0,0,0,0,0,0,0,0,0,0,0,0,0,0,0
中國信託綜合證券股份有限公司,商業分析師,證券及期貨業,"月薪30,000~55,000元",http://www.104.com.tw/job/6u8pq?jobsource=jolist_a_relevance,0,0,0,0,0,0,0,0,0,0,0,0,0,0,0
中租企業_中租證券投資顧問股份有限公司,行銷企劃,證券及期貨業,"月薪30,000~70,000元",http://www.104.com.tw/job/6yf8v?jobsource=jolist_a_relevance,0,0,0,0,0,0,0,0,0,0,0,0,0,0,0
中華民國資訊軟體協會,數位應用一組專員,電腦軟體服務業,"月薪35,000元以上",http://www.104.com.tw/job/74ho5?jobsource=jolist_a_relevance,1,0,0,0,0,0,0,0,0,0,0,0,0,0,0
中華資安國際股份有限公司,巨量資料分析平台工程師,電腦軟體服務業,"月薪45,000~70,000元",http://www.104.com.tw/job/72ks3?jobsource=jolist_a_relevance,0,0,0,0,0,0,0,0,0,0,1,0,0,0,0
中華開發金融控股股份有限公司(凱基證券)(凱基銀行),期貨選擇權交易程式開發人員 [凱基證券],金融控股業,待遇面議,http://www.104.com.tw/job/71maa?jobsource=jolist_a_relevance,0,0,0,0,0,0,0,0,0,0,0,0,0,0,0
亞太滿譽科技有限公司,市場經理,電腦系統整合服務業,"月薪65,000~90,000元",http://www.104.com.tw/job/6x6et?jobsource=jolist_a_relevance,0,0,0,0,0,0,0,0,0,0,0,0,0,0,0
亞太電信股份有限公司,【資訊專業】大數據資料管理師,電信相關業,待遇面議,http://www.104.com.tw/job/6te4b?jobsource=jolist_a_relevance,0,0,1,0,1,0,0,0,0,1,0,0,0,0,0
亞太電信股份有限公司,催收流程規劃專員,電信相關業,"月薪32,000~40,000元",http://www.104.com.tw/job/737ni?jobsource=jolist_a_relevance,0,0,0,0,0,0,0,0,0,0,0,0,0,0,0
亞星通股份有限公司,【日商】行銷企劃人員  (美妝品保健食品)活用日文,廣告行銷公關業,"月薪33,000~59,000元",http://www.104.com.tw/job/5tg7p?jobsource=jolist_a_relevance,0,0,0,0,0,0,0,0,0,0,0,0,0,0,0
亞洲指標數位行銷顧問股份有限公司,資料分析師 (Data Analyst),廣告行銷公關業,待遇面議,http://www.104.com.tw/job/6k2x6?jobsource=jolist_a_relevance,0,0,1,0,1,0,0,0,0,0,0,0,0,0,0
代碼科技有限公司,數據主管,電腦軟體服務業,"年薪1,800,000~2,500,000元",http://www.104.com.tw/job/70e6j?jobsource=jolist_a_relevance,0,0,0,0,0,0,0,0,0,0,0,0,0,0,0
代碼科技有限公司,數據分析師,電腦軟體服務業,"月薪60,000~100,000元",http://www.104.com.tw/job/6ys0g?jobsource=jolist_b_relevance,0,0,0,0,0,0,0,0,0,0,0,0,0,0,0
代碼科技有限公司,產品經理(出差杜拜),電腦軟體服務業,待遇面議,http://www.104.com.tw/job/70da5?jobsource=jolist_a_relevance,0,0,0,0,0,0,0,0,0,0,0,0,0,0,0
伊諾科技有限公司,數據分析師,電腦系統整合服務業,待遇面議,http://www.104.com.tw/job/70j5v?jobsource=jolist_b_relevance,0,1,1,0,0,0,0,0,0,0,0,0,0,0,0
伯諾股份有限公司,電子商務行銷專員(Saucony),綜合商品批發代理業,"月薪35,000~39,000元",http://www.104.com.tw/job/59cgc?jobsource=jolist_a_relevance,0,0,0,0,0,0,0,0,0,0,0,0,0,0,0
伯諾股份有限公司,百貨專櫃營業區主管/(Moonstar ),綜合商品批發代理業,"月薪35,000~42,000元",http://www.104.com.tw/job/74lfz?jobsource=jolist_a_relevance,1,0,0,0,0,0,0,0,0,0,0,0,0,0,0
"保聖那管理顧問股份有限公司(Pasona Taiwan Co., Ltd.)",店鋪開發-知名消費性品牌企業-TW10156-097-842,人力仲介代徵,"月薪80,000元以上",http://www.104.com.tw/job/70j61?jobsource=jolist_a_relevance,0,0,0,0,0,0,0,0,0,0,0,0,0,0,0
健康力科技股份有限公司,後端程式開發工程師 (台北),電腦軟體服務業,"月薪40,000~70,000元",http://www.104.com.tw/job/706wx?jobsource=jolist_a_relevance,0,2,1,0,0,0,0,0,1,0,0,0,0,0,0
傳奇網路遊戲股份有限公司,海外營運 - 韓文專員,網際網路相關業,"月薪33,000~36,000元",http://www.104.com.tw/job/6udel?jobsource=jolist_a_relevance,1,0,0,0,0,0,0,0,0,0,0,0,0,0,0
優睿數位行銷有限公司,SEO網站助理,網際網路相關業,"月薪28,000元以上",http://www.104.com.tw/job/6vr25?jobsource=jolist_a_relevance,1,0,0,0,0,0,0,0,0,0,0,0,0,0,0
優睿數位行銷有限公司,會員關係管理CRM儲備幹部/主任/主管,網際網路相關業,待遇面議,http://www.104.com.tw/job/72nv9?jobsource=jolist_a_relevance,0,0,0,0,0,0,0,0,0,0,0,0,0,0,0
內容電力股份有限公司,"廣告投手（須擔負業績, 另有業績達成獎金)",網際網路相關業,"月薪32,000~38,000元",http://www.104.com.tw/job/74mqz?jobsource=jolist_a_relevance,1,0,0,1,0,0,0,0,0,0,0,0,0,0,0
全球人壽保險股份有限公司_總公司,行政本部 約聘人員,人身保險業,"月薪30,000~35,000元",http://www.104.com.tw/job/6ytfv?jobsource=jolist_a_relevance,1,0,0,0,0,0,0,0,0,0,0,0,0,0,0
全鋒汽車股份有限公司,產品經理,汽車客運業,待遇面議,http://www.104.com.tw/job/6wk12?jobsource=jolist_a_relevance,1,0,0,1,0,0,0,0,0,0,0,0,0,0,0
典精品當舖,網路行銷企劃,其他金融及輔助業,"月薪31,000~35,000元",http://www.104.com.tw/job/3vs7k?jobsource=jolist_a_relevance,0,0,0,1,0,0,0,0,0,0,0,0,0,0,0
凱基期貨股份有限公司,風險管理組員,證券及期貨業,"月薪40,000~60,000元",http://www.104.com.tw/job/7398j?jobsource=jolist_a_relevance,1,0,1,0,1,0,0,0,0,0,0,0,0,0,0
凱擘股份有限公司,[ 幸福企業招募]  系統開發部-資料分析工程師,多媒體相關業,"月薪35,000~45,000元",http://www.104.com.tw/job/6y9s6?jobsource=jolist_a_relevance,0,1,1,0,0,0,0,0,1,0,1,0,0,0,0
凱絡媒體服務股份有限公司,企劃  Planner,廣告行銷公關業,"月薪28,000~32,000元",http://www.104.com.tw/job/25d9e?jobsource=jolist_a_relevance,1,0,0,0,0,0,0,0,0,0,0,0,0,0,0
凱迅管理諮詢有限公司,資訊稽核/電腦審計管理師,工商顧問服務業,"月薪45,000~60,000元",http://www.104.com.tw/job/6j99u?jobsource=jolist_a_relevance,0,0,0,0,0,0,0,0,0,0,0,0,0,0,0
出奇整合廣告股份有限公司,Facebook 數位廣告顧問-優化分析師 AM,廣告行銷公關業,"月薪30,000~38,000元",http://www.104.com.tw/job/5eesh?jobsource=jolist_a_relevance,1,0,0,0,0,0,0,0,0,0,0,0,0,0,0
出奇整合廣告股份有限公司,Google 數位廣告優化師 AM,廣告行銷公關業,"月薪30,000~38,000元",http://www.104.com.tw/job/5eerw?jobsource=jolist_a_relevance,1,0,0,0,0,0,0,0,0,0,0,0,0,0,0
出奇整合廣告股份有限公司,Google 數位廣告顧問AM-資深優化分析師,廣告行銷公關業,待遇面議,http://www.104.com.tw/job/6vklw?jobsource=jolist_a_relevance,1,0,0,0,0,0,0,0,0,0,0,0,0,0,0
創昇資訊有限公司,數據分析師,電腦軟體服務業,待遇面議,http://www.104.com.tw/job/740ev?jobsource=jolist_b_relevance,0,2,1,0,1,0,0,0,0,0,0,0,0,0,0
創空間概念股份有限公司,品牌行銷專員,建物裝修及裝潢業,"月薪33,000~38,000元",http://www.104.com.tw/job/73h4y?jobsource=jolist_a_relevance,0,0,0,0,0,1,0,0,0,0,0,0,0,0,0
創空間概念股份有限公司,品牌行銷／社群影音拍攝剪輯專員,建物裝修及裝潢業,"月薪34,000~38,000元",http://www.104.com.tw/job/6ytaf?jobsource=jolist_a_relevance,0,0,0,0,0,1,0,0,0,0,0,0,0,0,0
創空間概念股份有限公司,行銷部儲備幹部,建物裝修及裝潢業,待遇面議,http://www.104.com.tw/job/73w07?jobsource=jolist_a_relevance,0,0,0,0,0,1,0,0,0,0,0,0,0,0,0
勤業眾信聯合會計師事務所,零售業/模型資料分析顧問,會計服務業,待遇面議,http://www.104.com.tw/job/42d1q?jobsource=jolist_a_relevance,1,0,0,0,0,0,0,0,0,0,0,0,0,0,0
勤業眾信聯合會計師事務所,金融犯罪風險機制管理顧問(資深顧問~經理),會計服務業,待遇面議,http://www.104.com.tw/job/70238?jobsource=jolist_a_relevance,0,0,0,0,0,0,0,0,0,0,0,0,0,0,0
勤業眾信聯合會計師事務所,金融犯罪偵測暨風險管理顧問,會計服務業,待遇面議,http://www.104.com.tw/job/6y048?jobsource=jolist_a_relevance,0,0,0,0,0,0,0,0,0,0,0,0,0,0,0
勤業眾信聯合會計師事務所,數位金融管理諮詢顧問,會計服務業,待遇面議,http://www.104.com.tw/job/55gzb?jobsource=jolist_a_relevance,0,0,0,0,0,0,0,0,0,0,0,0,0,0,0
勤業眾信聯合會計師事務所,資深金融保險專案顧問,會計服務業,待遇面議,http://www.104.com.tw/job/6f6n9?jobsource=jolist_a_relevance,1,0,0,0,0,0,0,0,0,0,0,0,0,0,0
勤業眾信聯合會計師事務所,數位科技風險 – 金融業Fintech資安風險管理顧問,會計服務業,待遇面議,http://www.104.com.tw/job/732oc?jobsource=jolist_a_relevance,0,0,0,0,0,0,0,0,0,0,0,0,0,0,0
勤業眾信聯合會計師事務所,數位科技風險 - 資訊安全風險管理顧問,會計服務業,待遇面議,http://www.104.com.tw/job/lzpm?jobsource=jolist_a_relevance,0,0,0,0,0,0,0,0,0,0,0,0,0,0,0
勤業眾信聯合會計師事務所,大數據稽核諮詢顧問,會計服務業,待遇面議,http://www.104.com.tw/job/550g9?jobsource=jolist_a_relevance,1,0,0,0,0,0,0,0,0,0,0,0,0,0,0
勤業眾信聯合會計師事務所,供應鏈管理顧問,會計服務業,待遇面議,http://www.104.com.tw/job/43s29?jobsource=jolist_a_relevance,1,0,0,0,0,0,0,0,0,0,0,0,0,0,0
勤業眾信聯合會計師事務所,數位轉型服務-數位設計與使用者體驗研究(UIUX)顧問,會計服務業,待遇面議,http://www.104.com.tw/job/51y35?jobsource=jolist_a_relevance,0,0,0,0,0,0,0,0,0,0,0,0,0,0,0
北祥科技服務股份有限公司,Node.js/Java資深軟體工程師(創新部門）,電腦系統整合服務業,待遇面議,http://www.104.com.tw/job/732oa?jobsource=jolist_a_relevance,0,0,0,0,0,1,0,0,1,0,1,0,0,1,0
南山產物保險股份有限公司,個人險經營管理分析人員,產物保險業,待遇面議,http://www.104.com.tw/job/72y29?jobsource=jolist_a_relevance,0,0,0,0,0,0,0,0,0,0,0,0,0,0,0
博客來數位科技股份有限公司,大數據工程師,網際網路相關業,待遇面議,http://www.104.com.tw/job/74dad?jobsource=jolist_a_relevance,0,1,1,0,0,0,0,0,1,0,0,0,0,0,0
可倫國際股份有限公司,網路行銷經理,綜合商品批發代理業,待遇面議,http://www.104.com.tw/job/74gpi?jobsource=jolist_a_relevance,0,0,0,0,0,0,0,0,0,0,0,0,1,0,0
台北50嵐_深耕茶業股份有限公司,研發企劃專員,飲料店業,待遇面議,http://www.104.com.tw/job/73rpe?jobsource=jolist_a_relevance,0,0,0,0,0,0,0,0,0,0,0,0,0,0,0
台北富邦商業銀行股份有限公司,數據應用分析師,銀行業,"月薪35,000~100,000元",http://www.104.com.tw/job/6m0m9?jobsource=jolist_a_relevance,0,0,0,0,0,0,0,0,0,0,0,0,0,0,0
台北神策諮詢顧問有限公司,數據分析師,電子通訊／電腦週邊批發業,待遇面議,http://www.104.com.tw/job/6sxgk?jobsource=jolist_b_relevance,1,1,1,1,1,0,0,1,0,0,0,0,0,0,1
台北神策諮詢顧問有限公司,前端研發工程師,電子通訊／電腦週邊批發業,待遇面議,http://www.104.com.tw/job/6uzv0?jobsource=jolist_a_relevance,0,0,0,0,0,1,0,0,0,0,0,0,1,1,0
台北神策諮詢顧問有限公司,客戶成功經理,電子通訊／電腦週邊批發業,待遇面議,http://www.104.com.tw/job/6sw4h?jobsource=jolist_a_relevance,0,0,0,1,0,0,1,1,0,0,0,1,0,0,1
台北神策諮詢顧問有限公司,後端研發工程師,電子通訊／電腦週邊批發業,待遇面議,http://www.104.com.tw/job/6uzuv?jobsource=jolist_a_relevance,0,1,0,0,0,0,0,0,1,0,0,0,0,0,0
台固媒體股份有限公司,資料分析工程師,電視業,待遇面議,http://www.104.com.tw/job/6y8ek?jobsource=jolist_a_relevance,0,1,1,0,0,0,0,0,0,0,1,0,0,0,0
台塑_臺灣塑膠工業股份有限公司,AI工程師 (越鋼),塑膠製品製造業,待遇面議,http://www.104.com.tw/job/6r9dw?jobsource=jolist_a_relevance,1,1,1,0,1,2,0,0,1,0,0,0,0,0,0
台新金控_台新國際商業銀行股份有限公司,〔個金〕2021年度研發替代役-數位金融助理產品經理(含役前實習) (台北),銀行業,待遇面議,http://www.104.com.tw/job/73o6h?jobsource=jolist_a_relevance,0,0,0,0,0,0,0,0,0,0,0,0,0,0,0
台新金控_台新國際商業銀行股份有限公司,〔個金〕2021年度研發替代役-數據分析師(含役前實習) (台北),銀行業,待遇面議,http://www.104.com.tw/job/5v8uo?jobsource=jolist_a_relevance,0,1,1,0,0,0,0,1,0,0,0,0,0,0,0
台新金控_台新國際商業銀行股份有限公司,〔個金〕財富管理專案專員 (台北),銀行業,待遇面議,http://www.104.com.tw/job/6cbeb?jobsource=jolist_a_relevance,0,0,0,0,0,0,0,0,0,0,0,0,0,0,0
台新金控_台新國際商業銀行股份有限公司,〔個金〕財富管理績效策略經營專員  (台北),銀行業,待遇面議,http://www.104.com.tw/job/6lhis?jobsource=jolist_a_relevance,0,0,0,0,0,0,0,0,0,0,0,0,0,0,0
台泥企業團_臺泥資訊股份有限公司,AI Technical Project Manager/AI專案經理,電腦及其週邊設備製造業,待遇面議,http://www.104.com.tw/job/6wnuw?jobsource=jolist_a_relevance,0,0,0,0,0,0,0,0,0,0,0,0,0,0,0
台泥企業團_臺泥資訊股份有限公司,AI高級工程師/工程師,電腦及其週邊設備製造業,待遇面議,http://www.104.com.tw/job/72bcx?jobsource=jolist_a_relevance,0,0,0,0,0,0,0,0,0,0,0,0,0,0,0
台灣之星電信股份有限公司,03_企業市場行銷PM,電信相關業,"月薪35,000~65,000元",http://www.104.com.tw/job/6xkbd?jobsource=jolist_a_relevance,1,0,0,0,0,0,0,0,0,0,0,0,0,0,0
台灣之星電信股份有限公司,03_行銷營銷分析PM,電信相關業,待遇面議,http://www.104.com.tw/job/6lfnm?jobsource=jolist_a_relevance,0,0,0,0,0,0,0,0,0,0,0,0,0,0,0
台灣基康股份有限公司,研發／技術專員／經理,其他醫療保健服務業,待遇面議,http://www.104.com.tw/job/6upz2?jobsource=jolist_a_relevance,1,0,0,0,0,0,0,0,0,0,0,0,0,0,0
台灣大哥大股份有限公司,I177 資料分析工程師,電信相關業,待遇面議,http://www.104.com.tw/job/73z77?jobsource=jolist_a_relevance,0,0,1,0,0,0,0,0,1,0,0,0,0,0,0
台灣大哥大股份有限公司,D477 行動商務營運規劃主管,電信相關業,待遇面議,http://www.104.com.tw/job/6p83c?jobsource=jolist_a_relevance,0,0,0,0,0,0,0,0,0,0,0,0,0,0,0
台灣大哥大股份有限公司,I171 資料分析技術高階主管,電信相關業,待遇面議,http://www.104.com.tw/job/72wyd?jobsource=jolist_a_relevance,0,0,0,0,0,0,0,0,0,0,0,0,0,0,0
台灣大哥大股份有限公司,D345 門市銷售競賽規劃主管,電信相關業,待遇面議,http://www.104.com.tw/job/6x8v0?jobsource=jolist_a_relevance,0,0,0,0,0,0,0,0,0,0,0,0,0,0,0
台灣大哥大股份有限公司,D468分眾防退規劃資深行銷人員,電信相關業,待遇面議,http://www.104.com.tw/job/6kp9v?jobsource=jolist_a_relevance,0,0,0,0,0,0,0,0,0,0,0,0,0,0,0
台灣富士全錄股份有限公司,程式設計師,電腦系統整合服務業,待遇面議,http://www.104.com.tw/job/719jw?jobsource=jolist_a_relevance,0,1,0,0,0,3,0,0,1,0,0,0,1,1,0
台灣文創發展股份有限公司,品牌招商及店務營運主管,藝文服務業,待遇面議,http://www.104.com.tw/job/37qm2?jobsource=jolist_a_relevance,0,0,0,0,0,0,0,0,0,0,0,0,0,0,0
台灣新光保全股份有限公司,大數據分析人員,保全樓管相關業,待遇面議,http://www.104.com.tw/job/6uikx?jobsource=jolist_a_relevance,1,0,0,0,0,0,0,0,0,0,0,0,0,0,0
台灣析數資訊股份有限公司,統計分析/數據分析/資料採礦分析技術顧問人員,電腦軟體服務業,待遇面議,http://www.104.com.tw/job/3f0ju?jobsource=jolist_a_relevance,1,1,1,0,1,0,0,1,0,1,0,0,0,0,0
台灣樂天信用卡股份有限公司,資料分析專員,其他金融及輔助業,待遇面議,http://www.104.com.tw/job/6juq7?jobsource=jolist_a_relevance,1,1,1,0,1,0,0,0,0,0,0,0,0,0,0
台灣現觀股份有限公司,資料分析師 Data Analyst,電腦軟體服務業,待遇面議,http://www.104.com.tw/job/70fh5?jobsource=jolist_a_relevance,0,0,1,0,0,1,0,0,1,0,1,0,0,0,0
台灣碩網網路娛樂股份有限公司,業務主管(經理/副理),網際網路相關業,待遇面議,http://www.104.com.tw/job/73yus?jobsource=jolist_a_relevance,0,0,0,0,0,0,0,0,0,0,0,0,0,0,0
台灣碩網網路娛樂股份有限公司,資深行銷專員,網際網路相關業,"月薪35,000~45,000元",http://www.104.com.tw/job/6u9s8?jobsource=jolist_a_relevance,1,0,0,0,0,0,0,0,0,0,0,0,0,0,0
台灣資信有限公司,Digital Marketing 數位行銷,電腦軟體服務業,待遇面議,http://www.104.com.tw/job/6ymtn?jobsource=jolist_a_relevance,0,0,0,0,0,0,0,0,0,0,0,0,0,0,0
台灣資料科學股份有限公司,數據工程師,電腦系統整合服務業,"月薪38,000~88,000元",http://www.104.com.tw/job/6mnfq?jobsource=jolist_a_relevance,0,1,1,0,0,0,0,0,0,0,0,1,0,0,0
台灣雅芳股份有限公司,(Sr.) Business Analytics & Planning Analyst 營運分析企劃(資深)專員,藥品／化妝品及清潔用品零售業,待遇面議,http://www.104.com.tw/job/5wkak?jobsource=jolist_a_relevance,1,1,0,0,0,0,1,0,0,0,0,0,0,0,0
台灣雪豹科技股份有限公司,數據運營實習生 - 行動廣告,其它軟體及網路相關業,時薪158元,http://www.104.com.tw/job/6x9d0?jobsource=jolist_a_relevance,1,1,1,0,0,0,0,0,0,0,0,0,0,0,0
台灣雪豹科技股份有限公司,Growth Strategy Specialist - 行動廣告,其它軟體及網路相關業,待遇面議,http://www.104.com.tw/job/6soyu?jobsource=jolist_a_relevance,1,1,0,0,0,0,0,0,0,0,0,0,0,0,0
台灣電容器製造廠股份有限公司,軟體工程師,其他電子零組件相關業,"月薪35,000~45,000元",http://www.104.com.tw/job/71c73?jobsource=jolist_a_relevance,0,0,0,0,0,0,0,0,0,0,0,0,0,0,0
台盈資訊科技有限公司,數據分析師,電腦軟體服務業,待遇面議,http://www.104.com.tw/job/6skax?jobsource=jolist_b_relevance,1,1,0,0,0,0,1,0,0,0,0,0,0,0,0
台達電子工業股份有限公司 _DELTA ELECTRONICS INC.,資深人工智慧資料科學家_台達研究院(台北),其他電子零組件相關業,待遇面議,http://www.104.com.tw/job/6qblf?jobsource=jolist_a_relevance,0,0,0,0,0,0,0,0,0,0,0,0,0,0,0
同步科技股份有限公司,產品經理,其他電信及通訊相關業,"月薪60,000~100,000元",http://www.104.com.tw/job/73pub?jobsource=jolist_a_relevance,1,0,0,0,0,0,0,0,0,0,0,0,0,0,0
后羿醫學科技股份有限公司,企業轉型與數位科技應用政府計畫管理師,其他醫療保健服務業,待遇面議,http://www.104.com.tw/job/72ngz?jobsource=jolist_a_relevance,0,0,0,0,0,0,0,0,0,0,0,0,0,0,0
吳寶春食品股份有限公司,門市主管(台北店),食品什貨零售業,"月薪40,000元以上",http://www.104.com.tw/job/6xszy?jobsource=jolist_a_relevance,1,0,0,0,0,0,0,0,0,0,0,0,0,0,0
和信超媒體股份有限公司戲谷分公司,夢谷平台營運企劃專員,網際網路相關業,"月薪30,000~50,000元",http://www.104.com.tw/job/6vg7m?jobsource=jolist_a_relevance,1,0,0,0,0,0,0,0,0,0,0,0,0,0,0
和信超媒體股份有限公司戲谷分公司,夢谷營運企劃專員,網際網路相關業,"月薪30,000~50,000元",http://www.104.com.tw/job/6wdd4?jobsource=jolist_a_relevance,1,0,0,0,0,0,0,0,0,0,0,0,0,0,0
和宇有限公司,UX 使用者經驗設計師,電腦系統整合服務業,待遇面議,http://www.104.com.tw/job/73p1d?jobsource=jolist_a_relevance,0,0,0,1,0,1,0,0,0,0,0,0,1,1,0
和泰汽車股份有限公司,車輛販賣資訊系統專員,其他汽機車相關業,"月薪34,000~69,000元",http://www.104.com.tw/job/4dcqy?jobsource=jolist_a_relevance,0,0,0,0,0,0,0,0,0,0,0,0,0,0,0
和泰移動服務股份有限公司,營運企劃人員,網際網路相關業,"月薪32,000~50,000元",http://www.104.com.tw/job/71sj4?jobsource=jolist_a_relevance,0,0,0,0,0,0,0,0,0,0,0,0,0,0,0
和泰聯網股份有限公司,資料分析師/資料科學家,網際網路相關業,待遇面議,http://www.104.com.tw/job/72ycg?jobsource=jolist_a_relevance,1,1,1,1,1,0,0,0,1,0,0,1,0,0,1
和碩集團_和碩聯合科技股份有限公司,採購專案管理師_9676,電腦及其週邊設備製造業,"月薪30,000~50,000元",http://www.104.com.tw/job/6yjqq?jobsource=jolist_a_relevance,1,0,0,0,0,0,0,0,0,0,0,0,0,0,0
和運租車股份有限公司,"專案企劃專員(和雲企劃部,iRent共享汽機車/停車場)",運輸工具設備租賃業,"月薪28,000~45,000元",http://www.104.com.tw/job/6t1i5?jobsource=jolist_a_relevance,0,0,0,0,0,0,0,0,0,0,0,0,0,0,0
品宜資訊科技有限公司,PM產品經理,電腦軟體服務業,待遇面議,http://www.104.com.tw/job/73as4?jobsource=jolist_a_relevance,0,0,0,0,0,0,0,0,0,0,0,0,0,0,0
哈妞國際有限公司,[阿綢家x啾咪史派克] 數位廣告投放專員,鞋類／布類／服飾品零售業,"月薪32,000~50,000元",http://www.104.com.tw/job/5tgle?jobsource=jolist_a_relevance,0,0,0,0,0,0,0,0,0,0,0,0,0,0,0
商周集團_商周編輯顧問股份有限公司,Youtube節目企製【商周集團-商業周刊編輯處】,雜誌／期刊出版業,"月薪35,000元以上",http://www.104.com.tw/job/73o3n?jobsource=jolist_a_relevance,0,0,0,0,0,0,0,0,0,0,0,0,0,0,0
商周集團_商周編輯顧問股份有限公司,數據分析師【商周集團-數據商業中心】,雜誌／期刊出版業,待遇面議,http://www.104.com.tw/job/712jg?jobsource=jolist_b_relevance,1,1,1,0,0,0,1,0,0,0,0,1,0,0,0
善農科技股份有限公司,農業數據分析師,專門設計相關業,"月薪38,000元以上",http://www.104.com.tw/job/6p9dg?jobsource=jolist_a_relevance,0,0,0,0,0,0,0,0,0,0,0,0,0,0,0
喜滿客京華影城股份有限公司,會議中心管理主管,電影片映演業,待遇面議,http://www.104.com.tw/job/6ukez?jobsource=jolist_a_relevance,0,0,0,0,0,0,0,0,0,0,0,0,0,0,0
嘉和智能科技股份有限公司,PulseGym健身中心組織訓練業務儲備主管,運動服務業,"月薪30,000~50,000元",http://www.104.com.tw/job/74916?jobsource=jolist_a_relevance,1,0,0,0,0,0,0,0,0,0,0,0,0,0,0
嘉里大榮物流股份有限公司,價格策略分析師,汽車貨運業,待遇面議,http://www.104.com.tw/job/742c8?jobsource=jolist_a_relevance,1,0,0,0,0,0,0,0,0,0,0,0,0,0,0
國泰世華商業銀行股份有限公司_人力資源部,【通路】分行財管業務規劃暨分析人員,銀行業,待遇面議,http://www.104.com.tw/job/5mq36?jobsource=jolist_a_relevance,0,0,0,0,0,0,0,0,0,0,0,0,0,0,0
國泰世華商業銀行股份有限公司_人力資源部,【數銀】用戶體驗設計師UX Designer (數數發中心 DDT),銀行業,待遇面議,http://www.104.com.tw/job/6r2ku?jobsource=jolist_a_relevance,0,0,0,0,0,0,0,0,0,0,0,0,0,0,0
國泰世華商業銀行股份有限公司_人力資源部,"【數據生態營運】風險數據分析師(數數發中心, DDT)",銀行業,"月薪30,000~80,000元",http://www.104.com.tw/job/6oan2?jobsource=jolist_a_relevance,0,0,0,0,0,0,0,0,0,0,0,0,0,0,0
國泰世華商業銀行股份有限公司_人力資源部,【風管】企金信用風險模型專業人員,銀行業,待遇面議,http://www.104.com.tw/job/6ilyj?jobsource=jolist_a_relevance,0,3,0,0,0,0,0,1,0,0,0,0,0,0,0
國泰世華商業銀行股份有限公司_人力資源部,【企劃】財富管理專案企劃專業人員,銀行業,待遇面議,http://www.104.com.tw/job/6vu9u?jobsource=jolist_a_relevance,0,0,0,0,0,0,0,0,0,0,0,0,0,0,0
國泰世華商業銀行股份有限公司_人力資源部,【中台】數據應用工程師,銀行業,待遇面議,http://www.104.com.tw/job/6auaq?jobsource=jolist_a_relevance,0,0,0,0,0,0,0,0,0,0,0,0,0,0,0
國泰世華商業銀行股份有限公司_人力資源部,"【數據生態營運】商業數據分析師(數數發中心, DDT)",銀行業,"月薪30,000~80,000元",http://www.104.com.tw/job/4xn8j?jobsource=jolist_a_relevance,0,3,1,0,1,0,0,1,0,0,0,0,0,0,0
國泰綜合證券股份有限公司,自營部期貨暨選擇權交易員(期貨自營部),證券及期貨業,待遇面議,http://www.104.com.tw/job/64nwf?jobsource=jolist_a_relevance,0,0,0,0,0,0,0,0,0,0,0,0,0,0,0
國泰綜合證券股份有限公司,資料工程專業人員(資料工程部),證券及期貨業,"月薪35,000~39,000元",http://www.104.com.tw/job/6vb99?jobsource=jolist_a_relevance,0,0,0,0,0,0,0,0,0,0,0,0,0,0,0
國泰綜合證券股份有限公司,資深數據分析人員(數據分析部),證券及期貨業,待遇面議,http://www.104.com.tw/job/6uj8e?jobsource=jolist_b_relevance,0,0,0,0,0,0,0,0,0,0,0,0,0,0,0
國泰金控_國泰金融控股股份有限公司,"數位資料分析師 Digital Data Analyst -- 生活金融(數數發中心, DDT)",金融控股業,"月薪30,000~90,000元",http://www.104.com.tw/job/6swad?jobsource=jolist_a_relevance,0,0,0,0,0,0,0,0,0,0,0,0,0,0,0
國泰金控_國泰金融控股股份有限公司,"生活金融專業人員 - 數據(Data)產品管理 (數數發中心, DDT)",金融控股業,"月薪30,000~90,000元",http://www.104.com.tw/job/70wbs?jobsource=jolist_a_relevance,0,0,0,0,0,0,0,0,0,0,0,0,0,0,0
國票綜合證券股份有限公司,資訊人員（資料分析人員）,證券及期貨業,待遇面議,http://www.104.com.tw/job/5jnua?jobsource=jolist_a_relevance,0,0,0,0,0,0,0,0,0,1,0,0,0,0,0
土耳其商精崴有限公司台灣分公司,數據分析專員,工商顧問服務業,"月薪28,000~30,000元",http://www.104.com.tw/job/71rrj?jobsource=jolist_b_relevance,1,0,0,0,0,0,0,0,0,0,0,0,0,0,0
城邦文化事業股份有限公司,SP2-2-1-LOOKin品牌業務人員,雜誌／期刊出版業,待遇面議,http://www.104.com.tw/job/6tuf4?jobsource=jolist_a_relevance,1,0,0,0,0,0,0,0,0,0,0,0,0,0,0
域動行銷股份有限公司,數位媒體數據分析/解讀師,廣告行銷公關業,"月薪30,000~50,000元",http://www.104.com.tw/job/4ewv7?jobsource=jolist_a_relevance,1,0,0,0,0,0,0,0,0,0,0,0,0,0,0
塞席爾商悠福科技股份有限公司,媒體開發經理 Media Partner Manager,網際網路相關業,"月薪32,000元以上",http://www.104.com.tw/job/5f6oq?jobsource=jolist_a_relevance,0,0,0,0,0,0,0,0,0,0,0,0,0,0,0
大學光學科技股份有限公司_眼鏡/眼科/醫美,【總公司】採購專員(光學)-1,其他醫療保健服務業,"月薪30,000~40,000元",http://www.104.com.tw/job/6zomw?jobsource=jolist_a_relevance,1,0,0,0,0,0,0,0,0,0,0,0,0,0,0
大成長城企業股份有限公司,食品通路企劃業務專員(台北內湖),農／畜／水產品批發業,"月薪35,000~50,000元",http://www.104.com.tw/job/6htte?jobsource=jolist_a_relevance,1,0,0,0,0,0,0,0,0,0,0,0,0,0,0
大成集團餐飲服務群 _好食城商場_中一排骨_巴黎十五_都城實業股份有限公司,都城烘焙廠廠長[中央工廠],餐館業,待遇面議,http://www.104.com.tw/job/6ytq4?jobsource=jolist_a_relevance,0,0,0,0,0,0,0,0,0,0,0,0,0,0,0
大拇哥證券投資顧問股份有限公司,Investment Data Assistant 投資數據分析助理 (挑戰百萬年薪),證券及期貨業,"年薪600,000~1,000,000元",http://www.104.com.tw/job/6mvt3?jobsource=jolist_a_relevance,0,0,0,0,0,0,0,0,0,0,0,0,0,0,0
大數據股份有限公司,數據分析師,其它軟體及網路相關業,"月薪35,000~50,000元",http://www.104.com.tw/job/5944x?jobsource=jolist_b_relevance,0,0,0,0,0,0,0,0,0,0,0,0,0,0,0
"大江生醫股份有限公司(TCI CO., Ltd)",B2B 數位行銷企劃-SEO【行銷企劃部】,生化科技研發業,待遇面議,http://www.104.com.tw/job/696ye?jobsource=jolist_a_relevance,0,0,0,1,0,0,0,0,0,0,0,0,0,0,0
"大江生醫股份有限公司(TCI CO., Ltd)",BI Analyst【戰略數據中心】,生化科技研發業,"月薪50,000~70,000元",http://www.104.com.tw/job/69p6c?jobsource=jolist_a_relevance,0,0,0,0,0,0,0,0,0,0,0,0,0,0,0
"大江生醫股份有限公司(TCI CO., Ltd)",資深薪酬管理師【人力資源部】,生化科技研發業,待遇面議,http://www.104.com.tw/job/5zpd3?jobsource=jolist_a_relevance,1,0,0,0,0,0,0,0,0,0,0,0,0,0,0
大潤發流通事業股份有限公司(總公司),支援辦公室 - 數位行銷專員,量販流通相關業,"月薪34,500~36,000元",http://www.104.com.tw/job/71xig?jobsource=jolist_a_relevance,1,0,0,0,0,0,0,0,0,0,0,0,0,0,0
天下雜誌股份有限公司,《天下_全閱讀》數位行銷資深專員,雜誌／期刊出版業,"月薪35,000~45,000元",http://www.104.com.tw/job/732rk?jobsource=jolist_a_relevance,1,0,0,1,0,0,0,0,0,0,0,0,0,0,0
天下雜誌股份有限公司,《天下雜誌群》數據分析師,雜誌／期刊出版業,待遇面議,http://www.104.com.tw/job/6xu4x?jobsource=jolist_b_relevance,1,0,0,0,0,0,0,0,0,0,0,0,0,0,0
好好投資科技股份有限公司,Backend Engineer(需熟Python、RESTful API ),網際網路相關業,待遇面議,http://www.104.com.tw/job/5572i?jobsource=jolist_a_relevance,0,1,1,0,0,1,0,0,1,0,0,0,1,1,0
好房國際股份有限公司,數據分析師/數據工程師,網際網路相關業,待遇面議,http://www.104.com.tw/job/71b3p?jobsource=jolist_a_relevance,0,0,0,0,0,0,0,0,0,0,0,0,0,0,0
好房國際股份有限公司,數據分析經理/副理,網際網路相關業,待遇面議,http://www.104.com.tw/job/71b1c?jobsource=jolist_a_relevance,0,0,0,0,0,0,0,0,0,0,0,0,0,0,0
好玩國際貿易有限公司,EC電商平台營銷專員,其他商品批發業,"月薪27,000~45,000元",http://www.104.com.tw/job/6u3z0?jobsource=jolist_a_relevance,1,0,0,1,0,0,0,0,0,0,0,0,0,0,0
好險網科技股份有限公司,產品企劃/主管,網際網路相關業,待遇面議,http://www.104.com.tw/job/74km7?jobsource=jolist_a_relevance,1,0,0,0,0,0,0,0,0,0,0,0,0,0,0
妘宣有限公司,資料分析軟體設計工程師,工商顧問服務業,"月薪35,000~45,000元",http://www.104.com.tw/job/6pnut?jobsource=jolist_a_relevance,0,1,1,0,1,0,0,0,0,0,0,0,0,0,0
威健股份有限公司,生物資訊分析專員,生化科技研發業,"月薪38,000~50,000元",http://www.104.com.tw/job/6y5a0?jobsource=jolist_a_relevance,0,0,0,0,0,0,0,0,0,0,0,0,0,0,0
學思行數位行銷股份有限公司,圖書部 圖書資深產品經理,文教／育樂用品零售業,"月薪35,000~40,000元",http://www.104.com.tw/job/73v1r?jobsource=jolist_a_relevance,1,0,0,1,0,0,0,0,0,0,0,0,0,0,0
安布思沛行銷股份有限公司,資深SEO數據分析師,網際網路相關業,待遇面議,http://www.104.com.tw/job/74ks4?jobsource=jolist_a_relevance,0,0,1,0,1,1,1,0,0,0,0,0,1,1,0
安布思沛行銷股份有限公司,雲端工程師 Cloud Engineer,網際網路相關業,待遇面議,http://www.104.com.tw/job/6x6cj?jobsource=jolist_a_relevance,0,0,0,0,0,0,0,0,0,0,0,0,0,0,0
安永聯合會計師事務所,"【審計服務】財務會計諮詢服務 (Financial Accounting Advisory Service , FAAS) Senior Level",會計服務業,待遇面議,http://www.104.com.tw/job/5ytom?jobsource=jolist_a_relevance,1,0,0,0,0,0,0,0,0,0,0,0,0,0,0
安立璽榮生醫股份有限公司,新藥開發研究員 (碩士級),生化科技研發業,待遇面議,http://www.104.com.tw/job/6qkj1?jobsource=jolist_a_relevance,0,0,0,0,0,0,0,0,0,0,0,0,0,0,0
安訊集團_安訊國際網路股份有限公司,VE1 - 數據分析師,電信相關業,"月薪50,000~70,000元",http://www.104.com.tw/job/6u0jj?jobsource=jolist_b_relevance,0,0,0,0,0,0,0,0,0,0,0,0,0,0,0
宜大科技股份有限公司,數位廣告投放人員,綜合商品批發代理業,"月薪30,000~45,000元",http://www.104.com.tw/job/74k0q?jobsource=jolist_a_relevance,0,0,0,1,0,0,0,0,0,0,0,0,0,0,0
富味鄉食品股份有限公司,【台北】產品經理,食用油品及榖製品製造業,待遇面議,http://www.104.com.tw/job/73emg?jobsource=jolist_a_relevance,1,0,0,0,0,0,0,0,0,0,0,0,0,0,0
富味鄉食品股份有限公司,【台北】產品行銷企劃,食用油品及榖製品製造業,待遇面議,http://www.104.com.tw/job/73n0j?jobsource=jolist_a_relevance,1,0,0,0,0,0,0,0,0,0,0,0,0,0,0
富欣發網路科技有限公司,資料庫(資深)⼯程師,網際網路相關業,待遇面議,http://www.104.com.tw/job/6jura?jobsource=jolist_a_relevance,0,1,0,0,0,0,0,0,0,0,1,0,0,0,0
富網科技股份有限公司,資深遊戲營運企劃,廣告行銷公關業,待遇面議,http://www.104.com.tw/job/73xrt?jobsource=jolist_a_relevance,0,0,0,0,0,0,0,0,0,0,0,0,0,0,0
寵聚股份有限公司,行銷企劃主任,寵物相關服務業,"月薪28,000~39,999元",http://www.104.com.tw/job/5lflf?jobsource=jolist_a_relevance,0,0,0,0,0,0,0,0,0,0,0,0,0,0,0
寶勝國際(控股)_寶原興業股份有限公司,會員營銷資深專員,鞋類／布類／服飾品零售業,待遇面議,http://www.104.com.tw/job/6uo9j?jobsource=jolist_a_relevance,0,1,0,0,0,0,0,0,0,0,0,0,0,0,0
寶雅國際股份有限公司,【寶雅-台北總公司】行銷_數據企劃專員,百貨相關業,"月薪30,000~36,000元",http://www.104.com.tw/job/6xvvs?jobsource=jolist_a_relevance,1,0,0,0,0,0,0,0,0,0,0,1,0,0,0
將來商業銀行股份有限公司,【102】數位平台產品經理 App/Web Product Manager(PM),銀行業,待遇面議,http://www.104.com.tw/job/6i0kk?jobsource=jolist_a_relevance,0,0,0,0,0,0,0,0,0,0,0,0,0,0,0
尹星知識管理顧問股份有限公司,廣告投放優化師,工商顧問服務業,"月薪33,000~45,000元",http://www.104.com.tw/job/5wj7b?jobsource=jolist_a_relevance,0,0,0,0,0,0,0,0,0,0,0,0,0,0,0
山富國際旅行社股份有限公司,Data Engineer 數據工程師(台北總公司),旅遊服務業,"月薪40,000元以上",http://www.104.com.tw/job/73ifb?jobsource=jolist_a_relevance,0,1,1,0,0,0,0,0,0,0,0,0,0,0,0
山富國際旅行社股份有限公司,企劃部-數位行銷企劃專員(台北總公司),旅遊服務業,"月薪30,000~40,000元",http://www.104.com.tw/job/44gr6?jobsource=jolist_a_relevance,1,0,0,0,0,0,0,0,0,0,0,0,0,0,0
岩島成股份有限公司,都城烘焙廠廠長[中央工廠],其他餐飲業,待遇面議,http://www.104.com.tw/job/72ep9?jobsource=jolist_a_relevance,0,0,0,0,0,0,0,0,0,0,0,0,0,0,0
岩島成股份有限公司,都城烘焙廠廠長[中央工廠],其他餐飲業,待遇面議,http://www.104.com.tw/job/6yr5u?jobsource=jolist_a_relevance,1,0,0,0,0,0,0,0,0,0,0,0,0,0,0
崇越科技股份有限公司,數據分析工程師,其他半導體相關業,待遇面議,http://www.104.com.tw/job/72pdj?jobsource=jolist_b_relevance,0,0,0,0,0,0,0,0,0,0,0,0,0,0,0
崇越科技股份有限公司,數據分析工程師(熟悉Python),其他半導體相關業,待遇面議,http://www.104.com.tw/job/73gmv?jobsource=jolist_b_relevance,0,0,0,0,0,0,0,0,0,0,0,0,0,0,0
干城數碼有限公司,數據分析師_(內湖區) B,電腦軟體服務業,待遇面議,http://www.104.com.tw/job/6zv49?jobsource=jolist_a_relevance,0,0,1,0,0,0,0,1,1,0,0,0,0,0,0
形禮有宜培訓顧問有限公司,廣告投放-廣告分析師-網路數位行銷專員,工商顧問服務業,"月薪28,000~45,000元",http://www.104.com.tw/job/72uz0?jobsource=jolist_a_relevance,0,0,0,1,0,0,0,0,0,0,0,0,0,0,0
彥庭國際有限公司,KnightsBridge服飾業務經理,綜合商品批發代理業,待遇面議,http://www.104.com.tw/job/6ag47?jobsource=jolist_a_relevance,1,0,0,0,0,0,0,0,0,0,0,0,0,0,0
影響力數據顧問股份有限公司,企業輿情大數據分析師,廣告行銷公關業,"月薪30,000~45,000元",http://www.104.com.tw/job/6yaz0?jobsource=jolist_a_relevance,0,0,0,0,0,0,0,0,0,0,0,0,0,0,0
微風廣場實業股份有限公司,微風數位時代-專案管理師,百貨相關業,待遇面議,http://www.104.com.tw/job/5hs1t?jobsource=jolist_a_relevance,0,0,0,0,0,0,0,0,0,0,0,0,0,0,0
德商foodpanda_富胖達股份有限公司,Account Management Executive 客戶管理專員- G1,電腦系統整合服務業,待遇面議,http://www.104.com.tw/job/6yr6g?jobsource=jolist_a_relevance,0,0,0,0,0,0,0,0,0,0,0,0,0,0,0
德昂資訊股份有限公司,兼職人力資源或者財務運營數據分析顧問,電腦軟體服務業,"日薪2,000~4,000元",http://www.104.com.tw/job/72nff?jobsource=jolist_a_relevance,0,0,0,0,0,0,0,0,0,0,0,0,0,0,0
德昂資訊股份有限公司,BI業務經理  北京，上海，台北，高雄,電腦軟體服務業,"年薪1,000,000~2,000,000元",http://www.104.com.tw/job/6q91h?jobsource=jolist_a_relevance,0,0,0,0,0,0,0,0,0,0,0,0,0,0,0
德翔海運股份有限公司,資訊專員,海運,"月薪35,000~70,000元",http://www.104.com.tw/job/5ofza?jobsource=jolist_a_relevance,0,2,0,0,0,0,0,0,0,0,0,0,0,0,0
思樂科技股份有限公司,社群經營企劃,電腦軟體服務業,待遇面議,http://www.104.com.tw/job/6qk0g?jobsource=jolist_a_relevance,0,0,0,0,0,0,0,0,0,0,0,0,0,0,0
思納捷科技股份有限公司,資料分析應用工程師,電腦軟體服務業,待遇面議,http://www.104.com.tw/job/5s5hg?jobsource=jolist_a_relevance,0,2,1,0,0,0,0,0,1,0,1,0,0,0,0
悠遊卡公司關係企業_點鑽整合行銷股份有限公司,行銷業務主管,廣告行銷公關業,待遇面議,http://www.104.com.tw/job/6fyc8?jobsource=jolist_a_relevance,1,0,0,0,0,0,0,0,0,0,0,0,0,0,0
悠遊卡股份有限公司,風險管理部 資深專員,其他金融及輔助業,待遇面議,http://www.104.com.tw/job/72ojy?jobsource=jolist_a_relevance,1,0,0,0,0,0,0,0,0,0,0,0,0,0,0
悠遊卡股份有限公司,風險管理部 部級主管,其他金融及輔助業,待遇面議,http://www.104.com.tw/job/72erc?jobsource=jolist_a_relevance,1,0,0,0,0,0,0,0,0,0,0,0,0,0,0
意藍資訊股份有限公司,產品分析師 (PeopleView人群資料庫),網際網路相關業,"月薪32,000~40,000元",http://www.104.com.tw/job/6cgoa?jobsource=jolist_a_relevance,0,0,1,0,1,0,0,0,0,0,0,0,0,0,0
意藍資訊股份有限公司,產品分析師 (資深/PeopleView人群資料庫),網際網路相關業,待遇面議,http://www.104.com.tw/job/6jb92?jobsource=jolist_a_relevance,0,0,1,0,1,0,0,0,0,0,0,0,0,0,0
意藍資訊股份有限公司,資料分析師 (社群資料、人群資料),網際網路相關業,"月薪32,000~40,000元",http://www.104.com.tw/job/5qu4l?jobsource=jolist_a_relevance,0,0,0,0,0,0,0,0,0,0,0,0,0,0,0
意藍資訊股份有限公司,資料分析師 (資深/社群資料、人群資料),網際網路相關業,待遇面議,http://www.104.com.tw/job/6gup4?jobsource=jolist_a_relevance,0,0,0,0,0,0,0,0,0,0,0,0,0,0,0
愛達科技有限公司,網路行銷數據分析人員,藥品／化妝品及清潔用品零售業,"月薪33,000~38,000元",http://www.104.com.tw/job/6el89?jobsource=jolist_b_relevance,0,0,0,1,0,0,0,0,0,0,0,0,0,0,0
愛酷智能科技股份有限公司,聊天機器人開發工程師 Messenger Chatbot Developer,電子通訊／電腦週邊批發業,待遇面議,http://www.104.com.tw/job/71w8s?jobsource=jolist_a_relevance,0,1,0,0,0,0,0,0,0,0,0,0,0,0,0
愛酷智能科技股份有限公司,大數據應用產品開發管理師,電子通訊／電腦週邊批發業,待遇面議,http://www.104.com.tw/job/742dh?jobsource=jolist_a_relevance,0,0,0,0,0,0,0,0,0,0,0,0,0,0,0
愛酷智能科技股份有限公司,AI資料科學家,電子通訊／電腦週邊批發業,待遇面議,http://www.104.com.tw/job/74jkt?jobsource=jolist_a_relevance,0,0,1,0,1,0,0,0,0,0,0,0,0,0,0
慧智基因股份有限公司,研發工程師(101202),生化科技研發業,"月薪32,000~42,300元",http://www.104.com.tw/job/6wwp7?jobsource=jolist_a_relevance,0,0,0,0,0,0,0,0,0,0,0,0,0,0,0
慧訊國際股份有限公司,數據分析師,網際網路相關業,待遇面議,http://www.104.com.tw/job/6ms3b?jobsource=jolist_b_relevance,0,0,0,0,0,0,0,0,0,0,0,0,0,0,0
摩爾空間有限公司,行銷分析人員（資料分析師 Data Analyst）,物品租賃業,"月薪36,000元以上",http://www.104.com.tw/job/6p0g2?jobsource=jolist_a_relevance,0,0,1,0,0,0,0,0,0,0,0,0,0,0,0
改變廣告有限公司,M011廣告行銷專員,廣告行銷公關業,"月薪26,000~45,000元",http://www.104.com.tw/job/6z872?jobsource=jolist_a_relevance,1,0,0,0,0,0,0,0,0,0,0,0,0,0,0
數位時代_巨思文化股份有限公司,【Shopping Design / 設計採買誌】社群編輯,雜誌／期刊出版業,"月薪32,000~40,000元",http://www.104.com.tw/job/73o1p?jobsource=jolist_a_relevance,1,0,0,0,0,0,0,0,0,0,0,0,0,0,0
新光金融控股股份有限公司(新光金控/新光人壽/新光銀行/新光投信),新光人壽-(數位)行銷企劃專案襄理,金融控股業,待遇面議,http://www.104.com.tw/job/5a8ib?jobsource=jolist_a_relevance,0,0,0,0,0,0,0,0,0,0,0,0,0,0,0
新加坡商立可人事顧問有限公司台灣分公司,NL-民生日用品 Sales Position: Area Account Supervisor 區域業務發展主任 (英文精通/數據分析能力/親和力與溝通能力/薪水年薪百萬),人力仲介代徵,"月薪60,000~85,000元",http://www.104.com.tw/job/6xwur?jobsource=jolist_a_relevance,0,0,0,0,0,0,0,0,0,0,0,0,0,0,0
新加坡商第一企劃行銷股份有限公司台灣分公司,3C品牌電商營運人員,廣告行銷公關業,"月薪30,000~40,000元",http://www.104.com.tw/job/71s14?jobsource=jolist_a_relevance,0,0,0,0,0,0,0,0,0,0,0,0,0,0,0
新加坡商第一企劃行銷股份有限公司台灣分公司,Account Director 業務總監,廣告行銷公關業,待遇面議,http://www.104.com.tw/job/63yib?jobsource=jolist_a_relevance,0,0,0,0,0,0,0,0,0,0,0,0,0,0,0
新加坡商蝦皮娛樂電商有限公司台灣分公司,Shopee APP - Business Analyst 商業分析專員,多媒體相關業,待遇面議,http://www.104.com.tw/job/72l8i?jobsource=jolist_a_relevance,1,0,0,0,0,0,0,0,0,0,0,0,0,0,0
新加坡商蝦皮娛樂電商有限公司台灣分公司,Shopee APP - Data Analyst 數據分析師 / Business Intelligence,多媒體相關業,待遇面議,http://www.104.com.tw/job/72l8n?jobsource=jolist_a_relevance,1,1,1,0,0,0,0,0,0,0,0,0,0,0,0
新加坡商蝦皮娛樂電商有限公司台灣分公司,Shopee APP - 商業產品分析專員 Commercial Feature Analyst,多媒體相關業,待遇面議,http://www.104.com.tw/job/72l8o?jobsource=jolist_a_relevance,1,0,0,0,0,0,0,0,0,0,0,0,0,0,0
新加坡商蝦皮娛樂電商有限公司台灣分公司,Shopee APP - 遊戲數據分析專員 / Marketing 行銷部門,多媒體相關業,待遇面議,http://www.104.com.tw/job/72r3v?jobsource=jolist_a_relevance,1,0,0,0,0,0,0,0,0,0,0,0,0,0,0
新加坡商鈦坦科技股份有限公司台灣分公司,Principal Software Engineer / Programmer - Annual Salary 3M+,電腦軟體服務業,"年薪3,000,000~4,000,000元",http://www.104.com.tw/job/57xvg?jobsource=jolist_a_relevance,0,1,0,0,0,1,0,0,0,0,0,0,0,0,0
新愛世科技股份有限公司,Blog企劃寫手(信貸/信用知識),其他商品批發業,"月薪38,000元以上",http://www.104.com.tw/job/745pg?jobsource=jolist_a_relevance,0,0,0,0,0,0,0,0,0,0,0,0,0,0,0
新東陽股份有限公司,電子商務-部門主管,食品什貨零售業,待遇面議,http://www.104.com.tw/job/6zmd9?jobsource=jolist_a_relevance,0,0,0,0,0,0,0,0,0,0,0,0,0,0,0
方形糖創意數位有限公司,資深網頁設計師,廣告行銷公關業,待遇面議,http://www.104.com.tw/job/4y2ra?jobsource=jolist_a_relevance,0,0,0,0,0,0,0,0,0,0,0,0,0,0,0
日商優必達株式會社股份有限公司台灣分公司,Marketing Specialist 行銷專員,電腦軟體服務業,"月薪35,000元以上",http://www.104.com.tw/job/6hbkc?jobsource=jolist_a_relevance,0,0,0,0,0,0,0,0,0,0,0,0,0,0,0
明基電通股份有限公司,品牌電商營運專員/經理【明基BenQ整合行銷傳播中心】,消費性電子產品製造業,待遇面議,http://www.104.com.tw/job/6ucyy?jobsource=jolist_a_relevance,0,0,0,1,0,0,0,0,0,0,0,0,0,0,0
明基電通股份有限公司,數據分析師【明基BenQ雲端創新中心】,消費性電子產品製造業,"月薪30,000~100,000元",http://www.104.com.tw/job/6lg8y?jobsource=jolist_b_relevance,0,0,0,0,0,0,0,0,0,0,0,0,0,0,0
明基電通股份有限公司,資深資料分析師,消費性電子產品製造業,待遇面議,http://www.104.com.tw/job/73h97?jobsource=jolist_a_relevance,0,2,1,1,0,0,1,0,0,0,0,0,0,0,0
明基電通股份有限公司,軟體工程師,消費性電子產品製造業,待遇面議,http://www.104.com.tw/job/6rosp?jobsource=jolist_a_relevance,0,0,0,0,0,0,0,0,0,0,0,0,0,0,0
明基電通股份有限公司,電商平台行銷人員【明基聽力事業】,消費性電子產品製造業,"月薪40,000~50,000元",http://www.104.com.tw/job/6ghuw?jobsource=jolist_a_relevance,0,0,0,0,0,0,0,0,0,0,0,0,0,0,0
易享科技股份有限公司,Data Scientist 資料科學家,網際網路相關業,待遇面議,http://www.104.com.tw/job/6zjao?jobsource=jolist_a_relevance,0,0,1,0,0,0,0,0,0,0,0,0,0,0,0
易遊網股份有限公司,數據分析師(行銷部門),網際網路相關業,待遇面議,http://www.104.com.tw/job/6rglt?jobsource=jolist_b_relevance,0,0,0,1,0,0,0,0,0,0,0,0,0,0,0
昱峰智能大數據科技股份有限公司,產品良率工程/製程整合 數據分析 產品經理 Product Marketing,電腦軟體服務業,待遇面議,http://www.104.com.tw/job/6ta63?jobsource=jolist_a_relevance,0,0,0,0,0,0,0,0,0,0,0,0,0,0,0
時耘股份有限公司,採購專員/採購助理 【需精通EXCEL 函數及資料分析】,綜合商品批發代理業,"月薪32,000~40,000元",http://www.104.com.tw/job/661gn?jobsource=jolist_a_relevance,1,0,0,0,0,0,0,0,0,0,0,0,0,0,0
智冠科技股份有限公司,CD 財管中心/公共關係處-投資人關係專員(IR)(台北),網際網路相關業,"月薪32,000~45,000元",http://www.104.com.tw/job/6v9po?jobsource=jolist_a_relevance,1,0,0,0,0,0,0,0,0,0,0,0,0,0,0
智冠科技股份有限公司,C 財管中心-財務營運分析專員,網際網路相關業,"月薪30,000~50,000元",http://www.104.com.tw/job/4u1ie?jobsource=jolist_a_relevance,1,0,0,0,0,0,0,0,0,0,0,0,0,0,0
智域國際股份有限公司,資料分析師 (Data Analyst),電腦系統整合服務業,"月薪35,000~48,000元",http://www.104.com.tw/job/6fpnp?jobsource=jolist_a_relevance,1,0,0,0,0,0,0,0,0,0,0,0,0,0,0
智趣王數位科技股份有限公司,事業發展部 - 通路暨異業開發,數位內容產業,待遇面議,http://www.104.com.tw/job/6z5mu?jobsource=jolist_a_relevance,1,0,0,0,0,0,0,0,0,0,0,0,0,0,0
智鈦星平台服務有限公司,【在職專業培訓】數據稽核助理 Settlement Assistant,工商顧問服務業,"月薪28,000~35,000元",http://www.104.com.tw/job/6jqef?jobsource=jolist_a_relevance,1,0,0,0,0,0,0,0,0,0,0,0,0,0,0
智鈦星平台服務有限公司,平台運營專員 Platform Operations Specialist,工商顧問服務業,"月薪36,000~50,000元",http://www.104.com.tw/job/6zmsr?jobsource=jolist_a_relevance,1,0,1,0,1,0,0,0,0,0,0,0,0,0,0
有夢娛樂科技股份有限公司,大數據工程師,其它軟體及網路相關業,待遇面議,http://www.104.com.tw/job/73zjs?jobsource=jolist_a_relevance,0,1,1,0,1,0,0,0,0,0,0,0,0,0,0
未來實驗室Future Lab._富奇賴有限公司,【未來實驗室Future Lab.】資深UI/UX設計師,網際網路相關業,"月薪50,000元以上",http://www.104.com.tw/job/7264o?jobsource=jolist_a_relevance,0,0,0,0,0,0,0,0,0,0,0,0,0,0,0
未來軟體開發有限公司,產品經理,電腦軟體服務業,待遇面議,http://www.104.com.tw/job/70epy?jobsource=jolist_a_relevance,0,0,0,0,0,0,0,0,0,0,0,0,0,0,0
朱宗慶打擊樂團隊_傑優文化事業股份有限公司,行銷企劃,藝文服務業,"月薪32,000~38,000元",http://www.104.com.tw/job/747z1?jobsource=jolist_a_relevance,1,0,0,0,0,0,0,0,0,0,0,0,0,0,0
李奧貝納股份有限公司,數據分析師,廣告行銷公關業,待遇面議,http://www.104.com.tw/job/73fqn?jobsource=jolist_a_relevance,0,0,0,0,0,0,0,0,0,0,0,0,0,0,0
杜拉克整合行銷有限公司,行政助理,廣告行銷公關業,"月薪25,000~30,000元",http://www.104.com.tw/job/74joz?jobsource=jolist_a_relevance,1,0,0,0,0,0,0,0,0,0,0,0,0,0,0
杜拉克整合行銷有限公司,行銷企劃,廣告行銷公關業,"月薪25,000~31,000元",http://www.104.com.tw/job/74k4n?jobsource=jolist_a_relevance,0,0,0,0,0,0,0,0,0,0,0,0,0,0,0
杜拉克整合行銷有限公司,行銷社群小編/美編設計,廣告行銷公關業,"月薪26,000~35,000元",http://www.104.com.tw/job/74ilr?jobsource=jolist_a_relevance,0,0,0,0,0,0,0,0,0,0,0,0,0,0,0
杰悉科技股份有限公司,行銷企劃,數位內容產業,待遇面議,http://www.104.com.tw/job/6o7z7?jobsource=jolist_a_relevance,1,0,0,0,0,0,0,0,0,0,0,0,0,0,0
杰悉科技股份有限公司,應用開發工程師,數位內容產業,待遇面議,http://www.104.com.tw/job/6cy2g?jobsource=jolist_a_relevance,0,0,0,0,0,0,0,0,0,0,0,0,0,0,0
杰悉科技股份有限公司,技術專案企劃及管理師,數位內容產業,待遇面議,http://www.104.com.tw/job/6cu5o?jobsource=jolist_a_relevance,0,0,0,0,0,0,0,0,0,0,0,0,0,0,0
東方線上股份有限公司,(大數據)零售研究員(Python),工商顧問服務業,"月薪35,000~42,000元",http://www.104.com.tw/job/3o5cn?jobsource=jolist_a_relevance,1,0,1,0,0,0,0,0,0,1,0,0,0,0,0
東方龍數位股份有限公司,遊戲產品企劃,電腦軟體服務業,"月薪30,000~50,000元",http://www.104.com.tw/job/5vyz2?jobsource=jolist_a_relevance,0,0,0,0,0,0,0,0,0,0,0,0,0,0,0
東森新媒體控股股份有限公司,民調中心專家,網際網路相關業,"月薪50,000元以上",http://www.104.com.tw/job/74n1r?jobsource=jolist_a_relevance,0,0,0,0,0,0,0,0,0,1,0,0,0,0,0
東森電視事業股份有限公司,DM12-編輯(youtube),電視業,"月薪28,000~40,000元",http://www.104.com.tw/job/6d7rr?jobsource=jolist_a_relevance,0,0,0,0,0,0,0,0,0,0,0,0,0,0,0
林三藝國際行銷股份有限公司,【LSY林三益】美妝社群企劃（小編）,藥品／化妝品及清潔用品零售業,"月薪30,000~35,000元",http://www.104.com.tw/job/5nh05?jobsource=jolist_a_relevance,0,0,0,0,0,0,0,0,0,0,0,0,0,0,0
果斯數位服務有限公司,Operations Specialist,電腦軟體服務業,待遇面議,http://www.104.com.tw/job/7244a?jobsource=jolist_a_relevance,1,0,0,1,0,0,0,0,0,0,0,1,0,0,1
核桃運算股份有限公司,Data Analyst 資料分析師,電腦系統整合服務業,"月薪32,000~75,000元",http://www.104.com.tw/job/46yog?jobsource=jolist_a_relevance,0,1,1,0,0,0,0,0,0,0,0,0,0,0,0
格萊鉑數位有限公司,資料分析師,其它軟體及網路相關業,"年薪1,200,000元以上",http://www.104.com.tw/job/74hy9?jobsource=jolist_a_relevance,0,1,1,0,0,0,0,0,0,0,0,0,0,0,0
棉花田生機園地股份有限公司,數位行銷活動企劃專員,食品什貨零售業,"月薪35,000~40,000元",http://www.104.com.tw/job/74ge0?jobsource=jolist_a_relevance,0,0,0,0,0,0,0,0,0,0,0,0,0,0,0
極客空間科技有限公司,市場分析/數據分析專員,電腦軟體服務業,待遇面議,http://www.104.com.tw/job/6xd97?jobsource=jolist_a_relevance,0,0,0,0,0,0,0,0,0,0,0,0,0,0,0
榮成紙業股份有限公司,台北-經營分析主管,紙相關製造業,待遇面議,http://www.104.com.tw/job/73z7l?jobsource=jolist_a_relevance,0,0,0,0,0,0,0,0,0,0,0,0,0,0,0
歐易亞科技股份有限公司,Account Manager  網路行銷客戶經理 / 副理,網際網路相關業,待遇面議,http://www.104.com.tw/job/3wmy4?jobsource=jolist_a_relevance,1,0,0,0,0,0,0,0,0,0,0,0,0,0,0
永三企業股份有限公司,品牌經理,百貨相關業,待遇面議,http://www.104.com.tw/job/70fat?jobsource=jolist_a_relevance,0,0,0,0,0,0,0,0,0,0,0,0,0,0,0
永慶房產集團_永慶房屋仲介股份有限公司,品牌行銷經/副理.,不動產經營業,待遇面議,http://www.104.com.tw/job/3zjny?jobsource=jolist_a_relevance,1,0,0,0,0,0,0,0,0,0,0,0,0,0,0
永豐商業銀行股份有限公司,數據工程師,銀行業,"月薪32,500元以上",http://www.104.com.tw/job/6woer?jobsource=jolist_a_relevance,0,0,0,0,0,0,0,0,0,0,0,0,0,0,0
永豐商業銀行股份有限公司,數據應用部-數據分析應用人員,銀行業,待遇面議,http://www.104.com.tw/job/6wnct?jobsource=jolist_a_relevance,0,0,0,0,0,0,0,0,0,0,0,0,0,0,0
永豐商業銀行股份有限公司,零售金融處-存款商品規劃人員,銀行業,待遇面議,http://www.104.com.tw/job/6wmn7?jobsource=jolist_a_relevance,1,0,0,0,0,0,0,0,0,0,0,0,0,0,0
永豐金證券股份有限公司,商業分析人員(數據應用部),證券及期貨業,待遇面議,http://www.104.com.tw/job/6wuqx?jobsource=jolist_a_relevance,0,0,0,0,0,0,0,0,0,0,0,0,0,0,0
法雅客股份有限公司,【總公司】電子商務主管,百貨相關業,待遇面議,http://www.104.com.tw/job/71rt9?jobsource=jolist_a_relevance,0,0,0,0,0,0,0,0,0,0,0,0,0,0,0
渣打國際商業銀行股份有限公司,RB_Retail Data Analyst 資深消費金融數據分析師,銀行業,待遇面議,http://www.104.com.tw/job/73pmy?jobsource=jolist_b_relevance,0,0,0,0,0,0,0,0,0,0,0,0,0,0,0
漂亮數位股份有限公司,數據分析管理師,網際網路相關業,"月薪32,000~45,000元",http://www.104.com.tw/job/6c0rq?jobsource=jolist_a_relevance,0,0,0,0,0,0,0,0,0,0,0,0,0,0,0
潮網科技股份有限公司,Salesforce CRM顧問,網際網路相關業,待遇面議,http://www.104.com.tw/job/6yykh?jobsource=jolist_a_relevance,0,0,0,0,0,0,0,0,0,0,0,0,0,0,0
灣盛貿易股份有限公司,品牌整合行銷主管,綜合商品批發代理業,待遇面議,http://www.104.com.tw/job/6c8ie?jobsource=jolist_a_relevance,1,0,0,0,0,0,0,0,0,0,0,0,0,0,0
烏龜移動科技股份有限公司,資料分析師,廣告行銷公關業,待遇面議,http://www.104.com.tw/job/63jf9?jobsource=jolist_a_relevance,0,0,0,0,0,0,0,0,0,0,0,0,0,0,0
烽泰科技有限公司,【儲備幹部】金融數據分析主管,其他金融及輔助業,待遇面議,http://www.104.com.tw/job/71hgy?jobsource=jolist_b_relevance,1,1,1,0,1,0,1,0,0,0,0,1,0,0,0
煙波大飯店股份有限公司,數據發展部 數據分析師,旅館業,待遇面議,http://www.104.com.tw/job/6y2oy?jobsource=jolist_a_relevance,1,0,0,0,0,0,0,0,0,0,0,0,0,0,0
牛爾NARUKO_塞席爾商美之本國際有限公司台灣分公司,電子商務(EC) 行銷專員 - 官網,藥品／化妝品及清潔用品零售業,"月薪35,000~45,000元",http://www.104.com.tw/job/63f3k?jobsource=jolist_a_relevance,0,0,0,0,0,0,0,0,0,0,0,0,0,0,0
特力集團_特力股份有限公司,人力資源管理專案副理,綜合商品批發代理業,待遇面議,http://www.104.com.tw/job/72ebz?jobsource=jolist_a_relevance,1,0,0,0,0,0,0,0,0,0,0,0,0,0,0
特力集團_特力股份有限公司,數據分析主任,綜合商品批發代理業,待遇面議,http://www.104.com.tw/job/7480c?jobsource=jolist_a_relevance,1,0,0,0,0,0,0,0,0,0,0,1,0,0,0
狂海整合行銷有限公司,Performance Marketing Specialist 廣告投放管理師,廣告行銷公關業,"年薪560,000~900,000元",http://www.104.com.tw/job/72fag?jobsource=jolist_a_relevance,0,0,0,1,0,0,0,0,0,0,0,0,0,0,0
玉兔數位有限公司,資深遊戲企劃 / Senior Game Designer,電腦軟體服務業,待遇面議,http://www.104.com.tw/job/5s4ph?jobsource=jolist_a_relevance,1,0,0,0,0,0,0,0,0,0,0,0,0,0,0
玉山綜合證券股份有限公司,數據分析人員(總公司),證券及期貨業,"月薪35,000~50,000元",http://www.104.com.tw/job/70c5w?jobsource=jolist_b_relevance,1,0,0,0,0,0,1,0,0,0,0,0,0,0,0
玉山銀行_玉山商業銀行股份有限公司,風險管理專業人員(信用、作業、市場風險),銀行業,待遇面議,http://www.104.com.tw/job/4f7c0?jobsource=jolist_a_relevance,1,1,1,0,0,0,0,1,0,0,0,0,0,0,0
琪瑞企業管理顧問股份有限公司,資深SEO工程師[南港],工商顧問服務業,"年薪1,800,000元",http://www.104.com.tw/job/7405e?jobsource=jolist_a_relevance,0,0,0,0,0,0,0,0,0,0,0,0,0,0,0
瑞保網路科技股份有限公司,Credit MIS 信用數據分析,網際網路相關業,待遇面議,http://www.104.com.tw/job/5xhki?jobsource=jolist_a_relevance,0,0,0,0,0,0,0,0,0,0,0,0,0,0,0
瑞嘉軟體科技股份有限公司,Data Analyst / 資料分析師,電腦軟體服務業,"月薪55,000~142,000元",http://www.104.com.tw/job/6toi3?jobsource=jolist_a_relevance,0,0,0,0,0,0,0,0,0,0,0,0,0,0,0
環球睿視股份有限公司,AI/Python Dev(語意分析/文本分析/語音辨識/圖像辨識/數據分析),網際網路相關業,待遇面議,http://www.104.com.tw/job/71f86?jobsource=jolist_a_relevance,0,3,1,1,1,3,1,0,0,0,1,1,0,0,1
環際科技有限公司,【擴編徵才】廣告商務專員-中班時段【15:00-00:00】,其它軟體及網路相關業,"月薪29,000~35,000元",http://www.104.com.tw/job/6v97s?jobsource=jolist_a_relevance,0,0,0,0,0,0,0,0,0,0,0,0,0,0,0
環際科技有限公司,【擴編徵才】廣告商務專員-早班時段【09:00-18:00】,其它軟體及網路相關業,"月薪29,000~35,000元",http://www.104.com.tw/job/74kxy?jobsource=jolist_a_relevance,0,0,0,0,0,0,0,0,0,0,0,0,0,0,0
生活市集_創業家兄弟股份有限公司,數位行銷資深專員/ 主任/副理 (爆品/自有品牌操作),網際網路相關業,"月薪30,000~50,000元",http://www.104.com.tw/job/716xx?jobsource=jolist_a_relevance,1,0,0,0,0,0,0,0,0,0,0,0,0,0,0
生活市集_創業家兄弟股份有限公司,數位行銷專員/資深專員(Google廣告投放),網際網路相關業,"月薪30,000~50,000元",http://www.104.com.tw/job/6wx5s?jobsource=jolist_a_relevance,1,0,0,0,0,0,0,0,0,0,0,0,0,0,0
生達集團_端強實業股份有限公司,美國百仕可 產品行銷(PM/APM),食品什貨批發業,待遇面議,http://www.104.com.tw/job/6kej2?jobsource=jolist_a_relevance,1,0,0,0,0,0,0,0,0,0,0,0,0,0,0
田和豐國際有限公司,數位行銷專員,綜合商品批發代理業,"月薪30,000~35,000元",http://www.104.com.tw/job/6l7h8?jobsource=jolist_a_relevance,0,0,0,0,0,0,0,0,0,0,0,0,0,0,0
異視行銷市場調查股份有限公司,研究員(台北),工商顧問服務業,"月薪26,000~38,000元",http://www.104.com.tw/job/4qrbc?jobsource=jolist_a_relevance,0,0,0,0,0,0,0,1,0,1,0,0,0,0,0
百阜科技股份有限公司,遊戲數值企劃,電腦軟體服務業,待遇面議,http://www.104.com.tw/job/737b3?jobsource=jolist_a_relevance,1,0,0,0,0,0,0,0,0,0,0,0,0,0,0
益晟人力資源有限公司,【福利好 待遇優】台北知名企業_數據分析專員_H ●勞基法●基礎教育訓練●不限科系別●二度就業,人力仲介代徵,"月薪30,000~40,000元",http://www.104.com.tw/job/6vgk5?jobsource=jolist_a_relevance,1,0,0,0,0,0,0,0,0,0,0,0,0,0,0
盛和雅股份有限公司,數據分析師,網際網路相關業,"月薪35,000~50,000元",http://www.104.com.tw/job/737gc?jobsource=jolist_b_relevance,1,1,0,1,0,0,0,0,0,0,0,0,0,0,1
相信美學股份有限公司,網路行銷企劃,鞋類／布類／服飾品零售業,"月薪32,000~38,000元",http://www.104.com.tw/job/742p7?jobsource=jolist_a_relevance,1,0,0,1,0,0,0,0,0,0,0,0,0,0,0
眾匯智能健康股份有限公司,保健品電子商務事業主管,其他醫療保健服務業,待遇面議,http://www.104.com.tw/job/6xv4h?jobsource=jolist_a_relevance,0,0,0,0,0,0,0,0,0,0,0,0,0,0,0
眾匯智能健康股份有限公司,數據分析運用工程師,其他醫療保健服務業,待遇面議,http://www.104.com.tw/job/5wvxj?jobsource=jolist_a_relevance,1,0,1,0,1,0,0,0,0,1,0,0,0,0,0
眾匯智能健康股份有限公司,產品行銷經理,其他醫療保健服務業,待遇面議,http://www.104.com.tw/job/601pz?jobsource=jolist_a_relevance,0,0,0,1,0,0,0,0,0,0,0,0,0,0,1
眾匯智能健康股份有限公司,顧客關係管理經理/總監,其他醫療保健服務業,待遇面議,http://www.104.com.tw/job/6x7vu?jobsource=jolist_a_relevance,0,0,0,1,0,0,0,0,0,0,0,0,0,0,0
碩誠國際股份有限公司,ETL engineer(熟 Informatica),電腦軟體服務業,待遇面議,http://www.104.com.tw/job/6f1b4?jobsource=jolist_a_relevance,0,0,0,0,0,0,0,0,0,0,0,0,0,0,0
神基科技股份有限公司,商務資訊系統分析師-RVSBG,電腦及其週邊設備製造業,待遇面議,http://www.104.com.tw/job/711xb?jobsource=jolist_a_relevance,0,1,1,0,0,1,0,0,0,0,0,0,0,0,0
禹羿國際有限公司,行銷企劃 Marketing 年薪13個月,廣告行銷公關業,"年薪450,000~520,000元",http://www.104.com.tw/job/6ytko?jobsource=hotjob_chr,1,0,0,0,0,0,0,0,0,0,0,0,0,0,0
禾向數位科技有限公司,Python Backend Engineer,電腦軟體服務業,"月薪40,000~80,000元",http://www.104.com.tw/job/71i7c?jobsource=jolist_a_relevance,0,1,1,0,0,0,0,0,0,0,1,0,0,0,0
科智企業股份有限公司,AI應用開發工程師,電腦軟體服務業,待遇面議,http://www.104.com.tw/job/6rtgd?jobsource=jolist_a_relevance,0,0,1,0,0,2,0,0,0,0,0,0,0,0,0
科萊博瑞科技有限公司,市場運營專員Account Manager,電腦軟體服務業,"月薪35,000~50,000元",http://www.104.com.tw/job/6439d?jobsource=jolist_a_relevance,1,0,0,0,0,0,0,0,0,0,0,0,0,0,0
立樂高園股份有限公司,店鋪開發副理－日本知名眼鏡品牌(14545),人力仲介代徵,"月薪50,000~65,000元",http://www.104.com.tw/job/6yr75?jobsource=jolist_a_relevance,0,0,0,0,0,0,0,0,0,0,0,0,0,0,0
立樂高園股份有限公司,數位廣告操作－日系新創行銷公司(11316),人力仲介代徵,"月薪30,000~50,000元",http://www.104.com.tw/job/73osx?jobsource=jolist_a_relevance,0,0,0,0,0,0,0,0,0,0,0,0,0,0,0
立樂高園股份有限公司,日文會計人員－日系知名連鎖店(14798),人力仲介代徵,"月薪45,000~50,000元",http://www.104.com.tw/job/71xxn?jobsource=jolist_a_relevance,1,0,0,0,0,0,0,0,0,0,0,0,0,0,0
竹間智能科技有限公司,機器學習技術專家 (Machine Learning),電腦系統整合服務業,待遇面議,http://www.104.com.tw/job/4tswy?jobsource=jolist_a_relevance,0,0,0,0,0,0,0,0,0,0,0,0,0,0,0
第一銀行_第一商業銀行股份有限公司,機構洗錢與資恐風險評估人員,銀行業,待遇面議,http://www.104.com.tw/job/6yacl?jobsource=hotjob_chr,0,0,0,0,0,0,0,0,0,0,0,0,0,0,0
第一銀行_第一商業銀行股份有限公司,稅務規劃 人員,銀行業,待遇面議,http://www.104.com.tw/job/72zpp?jobsource=hotjob_chr,0,0,0,0,0,0,0,0,0,0,0,0,0,0,0
精英人力資源股份有限公司,互聯網_產品經理 G07,人力仲介代徵,待遇面議,http://www.104.com.tw/job/746bc?jobsource=jolist_a_relevance,0,0,0,0,0,0,0,0,0,0,0,0,0,0,0
紅門互動股份有限公司,電商品牌營運企劃,網際網路相關業,"月薪35,000~45,000元",http://www.104.com.tw/job/6x4vm?jobsource=jolist_a_relevance,0,0,0,1,0,0,0,0,0,0,0,0,0,0,0
紫克科技有限公司,行銷企劃人員/經理 (台北),電腦軟體服務業,待遇面議,http://www.104.com.tw/job/6k485?jobsource=jolist_a_relevance,0,0,0,0,0,0,0,0,0,0,0,0,0,0,0
絡客思行銷科技股份有限公司,客戶運營暨廣告優化師,其它軟體及網路相關業,"月薪28,000~40,000元",http://www.104.com.tw/job/6t099?jobsource=jolist_a_relevance,1,0,0,0,0,0,0,0,0,0,0,0,0,0,0
統一數網股份有限公司,電子商務網站營運專員,網際網路相關業,"月薪28,000~38,000元",http://www.104.com.tw/job/71kya?jobsource=jolist_a_relevance,1,0,0,0,0,0,0,0,0,0,0,0,0,0,0
統一超商股份有限公司,統一超商數據分析管理師,百貨相關業,"月薪34,000~41,000元",http://www.104.com.tw/job/2v6c3?jobsource=jolist_b_relevance,0,0,0,0,0,0,0,0,0,0,0,0,0,0,0
"經緯智庫股份有限公司 (MGR Consulting Co., Ltd.)",<零售百貨IT系列> 領導品牌廠商 系統架構師/ IT AP經理/ 專案經理/ 數據分析 / (887),人力仲介代徵,待遇面議,http://www.104.com.tw/job/70ump?jobsource=jolist_a_relevance,0,0,0,0,0,0,0,0,0,0,0,0,0,0,0
維娜斯國際有限公司,小S代言-維娜斯 網路行銷企劃,百貨相關業,待遇面議,http://www.104.com.tw/job/4kd3r?jobsource=jolist_a_relevance,0,0,0,0,0,0,0,0,0,0,0,0,0,0,0
維康生醫實業有限公司,網路行銷部 資深專員/專員,藥品／化妝品及清潔用品零售業,"月薪38,000元以上",http://www.104.com.tw/job/6vot5?jobsource=jolist_a_relevance,1,0,0,0,0,0,0,0,0,0,0,0,0,0,0
維康生醫實業有限公司,電子商務 資深商品PM 經理/副理(美妝保健品),藥品／化妝品及清潔用品零售業,待遇面議,http://www.104.com.tw/job/72ex8?jobsource=jolist_a_relevance,1,0,0,0,0,0,0,0,0,0,0,0,0,0,0
網際威信股份有限公司,AI大數據分析師/主管,網際網路相關業,"年薪500,000~1,300,000元",http://www.104.com.tw/job/6nnhm?jobsource=jolist_b_relevance,0,0,0,0,0,0,0,0,0,0,0,0,0,0,0
總公司_長頸鹿文化事業股份有限公司,(總公司-資訊部)數據分析專員,其他教育服務業,待遇面議,http://www.104.com.tw/job/6vjz8?jobsource=jolist_b_relevance,1,0,0,1,0,0,0,0,0,0,0,1,0,0,0
美亞鍋具美國第一大鍋具集團_香港商美穗國際有限公司台灣分公司,E-commerce 品牌團購電商專員,百貨相關業,"月薪35,000~40,000元",http://www.104.com.tw/job/71wwe?jobsource=jolist_a_relevance,0,0,0,1,0,0,0,0,0,0,0,0,0,0,0
美吾華股份有限公司,行銷企劃主任_婦嬰品牌,其他醫療保健服務業,待遇面議,http://www.104.com.tw/job/71nh8?jobsource=jolist_a_relevance,1,0,0,0,0,0,0,0,0,0,0,0,0,0,0
美商和諧國際有限公司台灣分公司,產品管理師-Product Control Officer,其它軟體及網路相關業,待遇面議,http://www.104.com.tw/job/6wu4j?jobsource=jolist_a_relevance,1,0,0,0,0,0,0,0,0,0,0,0,0,0,0
美商心環科技股份有限公司,資料分析師,其它軟體及網路相關業,"月薪60,000~80,000元",http://www.104.com.tw/job/6surr?jobsource=jolist_a_relevance,0,0,0,0,0,0,0,0,0,0,0,0,0,0,0
群富方舟資訊服務有限公司,金融研究分析師,網際網路相關業,待遇面議,http://www.104.com.tw/job/6zn5c?jobsource=jolist_a_relevance,0,0,0,0,0,0,0,0,0,0,0,0,0,0,0
聖島國際專利商標聯合事務所,AI應用系統開發工程師,工商顧問服務業,待遇面議,http://www.104.com.tw/job/3y3ya?jobsource=jolist_a_relevance,0,0,0,0,0,0,0,0,0,0,0,0,0,0,0
聯合智網股份有限公司,【策略分析部】數據分析師,網際網路相關業,待遇面議,http://www.104.com.tw/job/6nqcb?jobsource=jolist_b_relevance,1,0,0,1,0,0,1,0,0,0,0,0,0,0,0
聯合通商電子商務股份有限公司,商業顧問-預測建模,電腦軟體服務業,待遇面議,http://www.104.com.tw/job/6oemt?jobsource=jolist_a_relevance,0,0,0,0,1,0,0,1,0,1,0,0,0,0,0
聯強國際股份有限公司,資料分析工程師(全球第二大IT通路集團),電子通訊／電腦週邊批發業,"月薪38,000~70,000元",http://www.104.com.tw/job/6m2ce?jobsource=jolist_a_relevance,0,0,0,0,0,0,0,0,0,0,0,0,0,0,0
聯成電腦有限公司(聯成電腦/聯成外語),【總公司】會員經營影片企劃專員,補習班,"月薪30,000~34,000元",http://www.104.com.tw/job/4ej5r?jobsource=jolist_a_relevance,1,0,0,0,0,0,0,0,0,0,0,0,0,0,0
肌因時尚國際有限公司,企劃行銷及行銷人員,藥品／化妝品及清潔用品零售業,"月薪25,000~40,000元",http://www.104.com.tw/job/6im6c?jobsource=jolist_a_relevance,1,0,0,0,0,0,0,0,0,0,0,0,0,0,0
臺灣中小企業銀行股份有限公司,數位金融人員,銀行業,"月薪33,000~37,000元",http://www.104.com.tw/job/72bvs?jobsource=jolist_a_relevance,0,0,0,0,0,0,0,0,0,0,0,0,0,0,0
臺灣新光商業銀行股份有限公司,客戶服務部-系統規劃專案管理師,銀行業,待遇面議,http://www.104.com.tw/job/6pxk1?jobsource=jolist_a_relevance,0,0,0,0,0,0,0,0,0,0,0,0,0,0,0
臺灣電視事業股份有限公司,Data Analyst 數據分析師(資訊處電腦組),電視業,"月薪35,000元以上",http://www.104.com.tw/job/6vdp2?jobsource=jolist_a_relevance,0,0,0,0,0,0,0,0,0,0,0,0,0,0,0
艾奕康工程顧問股份有限公司,資料庫與數據分析師 Data and Analytics Engineer(建築與人居環境部-台北),建築及工程技術服務業,待遇面議,http://www.104.com.tw/job/6y5r2?jobsource=jolist_a_relevance,0,0,0,0,0,0,0,0,0,0,0,0,0,0,0
艾斯移動股份有限公司,行銷專員,電腦軟體服務業,"月薪32,000元以上",http://www.104.com.tw/job/739ny?jobsource=jolist_a_relevance,0,0,0,0,0,0,0,0,0,0,0,0,0,0,0
若水國際股份有限公司,MINGYI丨Product Designer產品設計師(約聘人員或專案合作),工商顧問服務業,待遇面議,http://www.104.com.tw/job/71bb9?jobsource=jolist_a_relevance,0,0,0,0,0,0,0,0,0,0,0,0,0,0,0
英屬維京群島商耐思財富投資有限公司台灣分公司,【BI】Business Intelligence / 商業人工智慧分析師,電腦軟體服務業,"月薪40,000~110,000元",http://www.104.com.tw/job/6yqe7?jobsource=jolist_a_relevance,1,1,0,1,0,0,1,0,0,0,0,0,0,0,1
英屬開曼群島商長穩智能科技股份有限公司台灣分公司,（農場事業處）人工智慧研發工程師,電腦系統整合服務業,待遇面議,http://www.104.com.tw/job/6zx85?jobsource=jolist_a_relevance,0,1,1,0,1,3,0,0,0,0,1,0,0,0,0
華南永昌綜合證券股份有限公司,數據分析專員(電子商務部),證券及期貨業,"月薪35,000~50,000元",http://www.104.com.tw/job/73jyp?jobsource=jolist_a_relevance,0,1,0,0,0,0,1,1,0,0,0,0,0,0,0
華碩雲端股份有限公司,資料分析師,網際網路相關業,待遇面議,http://www.104.com.tw/job/741pc?jobsource=jolist_a_relevance,0,0,1,0,0,0,0,0,1,0,0,0,0,0,0
華美航運股份有限公司,行銷企劃,儲配／運輸物流業,"月薪32,000~37,000元",http://www.104.com.tw/job/6g9yl?jobsource=jolist_a_relevance,0,0,0,0,0,0,0,0,0,0,0,0,0,0,0
萬欣網路科技有限公司,AWS雲端⼯程師,電信相關業,待遇面議,http://www.104.com.tw/job/6s4gj?jobsource=jolist_a_relevance,0,1,1,0,0,0,0,0,1,0,1,0,0,0,0
萬海航運股份有限公司,AI數據分析師,海運,"月薪57,000元以上",http://www.104.com.tw/job/73m1r?jobsource=jolist_b_relevance,0,0,1,0,0,0,1,0,0,0,0,1,0,0,0
萬豐人力資源管理顧問有限公司,"J-金融領域-數據分析暨建模<金融業優先> / 台北, 本國金控",人力仲介代徵,待遇面議,http://www.104.com.tw/job/6crsl?jobsource=jolist_a_relevance,0,4,1,0,1,0,1,0,0,0,0,0,0,0,0
薩摩亞商新茂環球有限公司台灣分公司,數位行銷副理/經理,其他電信及通訊相關業,待遇面議,http://www.104.com.tw/job/73e13?jobsource=jolist_a_relevance,2,0,0,0,0,0,0,0,0,0,0,0,0,0,0
蜂群電子商務股份有限公司,PHP軟體工程師  PHP Software Engineer,網際網路相關業,"月薪40,000~80,000元",http://www.104.com.tw/job/6mb2b?jobsource=jolist_a_relevance,0,0,1,0,0,1,0,0,0,0,0,0,1,1,0
街口電子支付股份有限公司,平台營運管理人員(營運管理部),網際網路相關業,"月薪35,000~45,000元",http://www.104.com.tw/job/6cs42?jobsource=jolist_a_relevance,1,0,0,0,0,0,0,0,0,0,0,0,0,0,0
裕民航運股份有限公司,儲備幹部_數據應用分析人員,海運,待遇面議,http://www.104.com.tw/job/6hioo?jobsource=jolist_a_relevance,0,0,1,0,1,0,0,0,0,0,0,0,0,0,0
覓去股份有限公司,數位行銷專員／主任,綜合商品批發代理業,"月薪30,000~50,000元",http://www.104.com.tw/job/72s1n?jobsource=jolist_a_relevance,0,0,0,0,0,0,0,0,0,0,0,0,0,0,0
觔斗雲聯網科技股份有限公司,LINE TAXI Data Analyst 資料分析師,網際網路相關業,待遇面議,http://www.104.com.tw/job/6jyst?jobsource=jolist_a_relevance,0,0,1,0,0,0,0,0,0,1,0,0,0,0,0
觔斗雲聯網科技股份有限公司,LINE TAXI Marketing Lead,網際網路相關業,待遇面議,http://www.104.com.tw/job/73y3a?jobsource=jolist_a_relevance,0,0,0,0,0,0,0,0,0,0,0,0,0,0,0
觔斗雲聯網科技股份有限公司,LINE TAXI 資深用戶運營經理,網際網路相關業,待遇面議,http://www.104.com.tw/job/7182h?jobsource=jolist_a_relevance,0,1,0,0,0,0,0,0,0,0,0,0,0,0,0
誠品股份有限公司,【誠品】電子商務行銷企劃專員/資深專員,百貨相關業,待遇面議,http://www.104.com.tw/job/74ivu?jobsource=jolist_a_relevance,0,0,0,0,0,0,0,0,0,0,0,0,0,0,0
誠品股份有限公司,【誠品】電子商務會員行銷專員/資深專員,百貨相關業,待遇面議,http://www.104.com.tw/job/71y3w?jobsource=jolist_a_relevance,1,0,0,0,0,0,0,0,0,0,0,0,0,0,0
誠品股份有限公司,【誠品】歐美生活禮品採購,百貨相關業,"月薪32,000~38,000元",http://www.104.com.tw/job/74en0?jobsource=jolist_a_relevance,0,0,0,0,0,0,0,0,0,0,0,0,0,0,0
誠品股份有限公司,【誠品】商品協銷企劃專員,百貨相關業,"月薪28,000~36,000元",http://www.104.com.tw/job/711xu?jobsource=jolist_a_relevance,1,0,0,0,0,0,0,0,0,0,0,0,0,0,0
財團法人中華民國兒童福利聯盟文教基金會,資訊組-程式設計師,社會福利服務業,待遇面議,http://www.104.com.tw/job/6zjey?jobsource=jolist_a_relevance,0,0,0,0,0,0,0,0,0,0,0,0,0,0,0
財團法人商業發展研究院,數據分析研究員-國際數位商業研究所,職業團體,待遇面議,http://www.104.com.tw/job/4uzdr?jobsource=jolist_a_relevance,0,0,0,0,0,0,0,0,0,0,0,0,0,0,0
財團法人商業發展研究院,數據分析研究員-國際數位商業研究所,職業團體,待遇面議,http://www.104.com.tw/job/4uzdr?jobsource=jolist_b_relevance,0,0,0,0,0,0,0,0,0,0,0,0,0,0,0
財團法人商業發展研究院,跨境電商研究員-國際數位商業研究所,職業團體,待遇面議,http://www.104.com.tw/job/736ge?jobsource=jolist_a_relevance,0,0,0,0,0,0,0,0,0,0,0,0,0,0,0
財團法人基督教真理文化傳播基金會,靈命日糧事工網站社群行銷企劃同工,書籍出版業,"月薪30,000~35,000元",http://www.104.com.tw/job/74hoj?jobsource=jolist_a_relevance,0,0,0,1,0,0,0,0,0,0,0,0,0,0,0
財團法人明怡基金會,MINGYI-Product Designer產品設計師(約聘人員或專案合作),社會福利服務業,待遇面議,http://www.104.com.tw/job/7341y?jobsource=jolist_a_relevance,0,0,0,0,0,0,0,0,0,0,0,0,0,0,0
財團法人癌症希望基金會,教育宣導部_數位專員,社會福利服務業,"月薪30,000~40,000元",http://www.104.com.tw/job/6v1e7?jobsource=jolist_a_relevance,0,0,0,0,0,0,0,0,0,0,0,0,0,0,0
費納拉國際股份有限公司,電商行企專員,建材／傢俱零售業,"月薪35,000~50,000元",http://www.104.com.tw/job/7492b?jobsource=jolist_a_relevance,0,0,0,0,0,0,0,0,0,0,0,0,0,0,0
資誠企業管理顧問股份有限公司,C.顧問類-顧問/資深顧問(數據分析),電腦軟體服務業,待遇面議,http://www.104.com.tw/job/6tqjl?jobsource=jolist_a_relevance,0,0,0,0,0,0,0,0,0,0,0,0,0,0,0
資誠聯合會計師事務所,C.顧問類-顧問/資深顧問/經理(電腦審計/數據分析/風險管理),會計服務業,待遇面議,http://www.104.com.tw/job/3u2a1?jobsource=jolist_a_relevance,0,0,0,0,0,0,0,0,0,0,0,0,0,0,0
資誠聯合會計師事務所,G.PwC Taiwan 海外徵才(電腦審計/數據分析/風險管理),會計服務業,"月薪34,000~40,000元",http://www.104.com.tw/job/4alaj?jobsource=jolist_a_relevance,0,0,0,0,0,0,0,0,0,0,0,0,0,0,0
路提科技股份有限公司,工程助理,網際網路相關業,"月薪28,000~33,000元",http://www.104.com.tw/job/74awp?jobsource=jolist_a_relevance,0,0,0,0,0,0,0,0,0,0,0,0,0,0,0
遊戲橘子數位科技股份有限公司,數據分析師_0012,其它軟體及網路相關業,待遇面議,http://www.104.com.tw/job/6wz9n?jobsource=jolist_a_relevance,0,0,0,0,0,0,0,0,0,0,0,0,0,0,0
遊戲橘子數位科技股份有限公司,資深數據分析師_0058,其它軟體及網路相關業,待遇面議,http://www.104.com.tw/job/73jj5?jobsource=jolist_a_relevance,0,0,1,0,0,0,1,0,0,0,0,0,0,0,0
遠東國際商業銀行股份有限公司,數位金融_數據應用主管,銀行業,待遇面議,http://www.104.com.tw/job/73h06?jobsource=jolist_a_relevance,0,0,0,0,0,0,0,0,0,0,0,0,0,0,0
遠見天下文化出版股份有限公司,數據發展中心 數位行銷策略主任,雜誌／期刊出版業,待遇面議,http://www.104.com.tw/job/7466a?jobsource=jolist_a_relevance,0,0,0,1,0,0,0,0,0,0,0,0,0,0,0
遠雄企業團總管理處_信宇投資股份有限公司,遠雄企業團遠雄巨蛋-商場管理專案,綜合商品批發代理業,待遇面議,http://www.104.com.tw/job/73mno?jobsource=jolist_a_relevance,1,0,0,0,0,0,0,0,0,0,0,0,0,0,0
遠雄房地產發展股份有限公司,遠雄房地產-CRM 行銷總監,不動產經營業,待遇面議,http://www.104.com.tw/job/6o0rf?jobsource=jolist_a_relevance,0,0,0,0,0,0,0,0,0,0,0,0,0,0,0
邦妮科技有限公司,商務總監 Business Director,電腦軟體服務業,"月薪70,000~100,000元",http://www.104.com.tw/job/72yct?jobsource=jolist_a_relevance,0,0,0,0,0,0,0,0,0,0,0,0,0,0,0
醫守科技股份有限公司,資料工程師,電腦軟體服務業,待遇面議,http://www.104.com.tw/job/73510?jobsource=jolist_a_relevance,0,0,1,0,1,0,0,1,0,0,0,0,0,0,0
金盛世紙業有限公司,TP-客戶業務經理/副理 (KA/PX 通路),其他紙製品製造業,待遇面議,http://www.104.com.tw/job/4reki?jobsource=jolist_a_relevance,1,0,0,0,0,0,0,0,0,0,0,0,0,0,0
銘洪有限公司,日系知名礦物彩妝品牌-電子商務,其他商品批發業,待遇面議,http://www.104.com.tw/job/6u4cv?jobsource=jolist_a_relevance,1,0,0,1,0,0,0,0,0,0,0,0,0,0,0
錠嵂保險經紀人股份有限公司,數據/資料分析工程師-台北 (系統推展部),人身保險業,"月薪35,000~55,000元",http://www.104.com.tw/job/6l6mm?jobsource=jolist_a_relevance,0,0,0,0,0,0,0,0,0,0,0,0,0,0,0
長汎旅行社股份有限公司,資訊部資訊管理課-專案管理師,旅遊服務業,"月薪35,000~40,000元",http://www.104.com.tw/job/5pxni?jobsource=jolist_a_relevance,0,0,0,0,0,0,0,0,0,0,0,0,0,0,0
關貿網路股份有限公司,資料分析師(T53),電腦系統整合服務業,待遇面議,http://www.104.com.tw/job/5cdpt?jobsource=jolist_a_relevance,0,0,1,0,1,0,0,0,0,0,0,0,0,0,0
關貿網路股份有限公司,約聘資料分析師(T67駐點食藥署),電腦系統整合服務業,"月薪38,000~40,000元",http://www.104.com.tw/job/6f8rs?jobsource=jolist_a_relevance,0,0,1,0,1,0,0,1,0,1,0,0,0,0,0
集太科技有限公司,大數據分析師,電腦軟體服務業,待遇面議,http://www.104.com.tw/job/6u86h?jobsource=jolist_b_relevance,0,0,0,0,0,0,0,0,0,0,0,0,0,0,0
集思國際會議顧問有限公司,園區招商主管,工商顧問服務業,待遇面議,http://www.104.com.tw/job/72oyj?jobsource=jolist_a_relevance,0,0,0,0,0,0,0,0,0,0,0,0,0,0,0
集思國際會議顧問有限公司,園區營運招商,工商顧問服務業,"月薪33,000元以上",http://www.104.com.tw/job/730gd?jobsource=jolist_a_relevance,0,0,0,0,0,0,0,0,0,0,0,0,0,0,0
集思國際會議顧問有限公司,行銷經理,工商顧問服務業,待遇面議,http://www.104.com.tw/job/6uek0?jobsource=jolist_a_relevance,0,0,0,1,0,0,0,0,0,0,0,0,0,0,0
集思國際會議顧問有限公司,餐飲採購專員,工商顧問服務業,"月薪30,000~40,000元",http://www.104.com.tw/job/6umg8?jobsource=jolist_a_relevance,0,0,0,0,0,0,0,0,0,0,0,0,0,0,0
雨林新零售股份有限公司,DBA 資料庫工程師,網際網路相關業,待遇面議,http://www.104.com.tw/job/6xvb0?jobsource=jolist_a_relevance,0,1,0,0,0,0,0,0,0,0,0,0,0,0,0
雨林新零售股份有限公司,RPA工程師 (Python數據分析師),網際網路相關業,待遇面議,http://www.104.com.tw/job/6v9rp?jobsource=jolist_a_relevance,0,0,1,0,0,0,0,0,0,0,0,0,0,0,0
雨林新零售股份有限公司,商品企劃專員,網際網路相關業,"月薪30,000~40,000元",http://www.104.com.tw/job/6x5d5?jobsource=jolist_a_relevance,1,0,0,0,0,0,0,0,0,0,0,0,0,0,0
雨林新零售股份有限公司,數據分析師,網際網路相關業,待遇面議,http://www.104.com.tw/job/6xtpc?jobsource=jolist_b_relevance,0,1,0,0,0,0,0,0,0,0,0,0,0,0,0
雨林新零售股份有限公司,電子商務品牌PM(FMCG),網際網路相關業,"月薪35,000~45,000元",http://www.104.com.tw/job/6z933?jobsource=jolist_a_relevance,1,0,0,0,0,0,0,0,0,0,0,0,0,0,0
雲康管理顧問有限公司,數據分析師,其它軟體及網路相關業,待遇面議,http://www.104.com.tw/job/74nl4?jobsource=jolist_a_relevance,0,1,1,0,0,0,1,1,0,1,0,0,0,0,0
雲康管理顧問有限公司,數據分析師,其它軟體及網路相關業,待遇面議,http://www.104.com.tw/job/74nl4?jobsource=hotjob_chr,0,1,1,0,0,0,1,1,0,1,0,0,0,0,0
霖園關係企業_神坊資訊股份有限公司,數據架構師(Data Architect),網際網路相關業,待遇面議,http://www.104.com.tw/job/6eask?jobsource=jolist_a_relevance,0,0,0,0,0,0,0,0,0,0,0,0,0,0,0
霖園關係企業_神坊資訊股份有限公司,數據分析師(Data Analyst),網際網路相關業,待遇面議,http://www.104.com.tw/job/6easl?jobsource=jolist_b_relevance,0,0,0,0,0,0,0,0,0,0,0,0,0,0,0
露天市集國際資訊股份有限公司,露天市集-專案經理(平台運籌發展處),網際網路相關業,待遇面議,http://www.104.com.tw/job/6mdi1?jobsource=jolist_a_relevance,0,0,0,0,0,0,0,0,0,0,0,0,0,0,0
靜思人文志業_互愛人文志業股份有限公司,營運行政(企業客戶經營與開發),書籍出版業,"月薪26,000~30,000元",http://www.104.com.tw/job/6xv3k?jobsource=jolist_a_relevance,1,0,0,0,0,0,0,0,0,0,0,0,0,0,0
領先創新科技股份有限公司,金融演算法工程師,電腦軟體服務業,"月薪40,000~100,000元",http://www.104.com.tw/job/72s5u?jobsource=jolist_a_relevance,0,0,1,0,0,2,0,0,0,0,0,0,0,0,0
領投肯科技股份有限公司,專案執行 Project Executive ,電腦軟體服務業,"月薪30,000~45,000元",http://www.104.com.tw/job/6rn69?jobsource=jolist_a_relevance,1,0,0,0,0,0,0,0,0,0,0,0,0,0,0
頤和文化事業有限公司,數位行銷企劃,雜誌／期刊出版業,"年薪400,000元以上",http://www.104.com.tw/job/6pbpx?jobsource=jolist_a_relevance,0,0,0,0,0,0,0,0,0,0,0,0,0,0,0
香港商聯寶電腦有限公司台灣分公司,"人力資源實習生 (限大三以上在校生,每週可以實習四個全天以上)",電腦及其週邊設備製造業,"月薪26,000元",http://www.104.com.tw/job/72a4e?jobsource=jolist_a_relevance,1,0,0,0,0,0,0,0,0,0,0,0,0,0,0
香港商邁世國際有限公司台灣分公司,"Regional Procurement Manager, APAC",精密儀器相關製造業,待遇面議,http://www.104.com.tw/job/74knu?jobsource=jolist_a_relevance,0,0,0,0,0,0,0,0,0,0,0,0,0,0,0
馬來西亞商大昌華嘉思謀能有限公司台灣分公司,Specialist Business Intelligence 商業數據分析專員,其他醫療保健服務業,"月薪32,000~38,000元",http://www.104.com.tw/job/72a05?jobsource=jolist_a_relevance,0,0,0,0,0,0,0,0,0,0,0,0,0,0,0
馬斯特國際有限公司,網路行銷專員,攝影沖印服務業,"月薪32,000~37,000元",http://www.104.com.tw/job/72bhr?jobsource=jolist_a_relevance,0,0,0,1,0,1,0,0,0,0,0,0,1,1,1
高鐵_台灣高速鐵路股份有限公司,數位平台管理專員,鐵路運輸業,待遇面議,http://www.104.com.tw/job/73nb0?jobsource=jolist_a_relevance,0,0,0,0,0,1,0,0,0,0,0,0,1,1,0
魔髮部屋_沃生國際企業有限公司,SEO關鍵字廣告企劃,美髮業,"月薪40,000~50,000元",http://www.104.com.tw/job/71vlc?jobsource=jolist_a_relevance,0,0,0,1,0,1,0,0,0,0,0,0,1,1,1
鴻海精密工業股份有限公司,數據分析工程師(內湖),消費性電子產品製造業,待遇面議,http://www.104.com.tw/job/5w7hx?jobsource=jolist_a_relevance,0,0,1,0,1,0,0,0,0,1,0,0,0,0,0
麗嬰國際股份有限公司,開發部企劃人員,文具禮品相關業,"月薪30,000~32,000元",http://www.104.com.tw/job/70jsh?jobsource=jolist_a_relevance,0,0,0,0,0,0,0,0,0,0,0,0,0,0,0
麟數據科技股份有限公司,社群數據分析師,電腦軟體服務業,"月薪30,000~42,000元",http://www.104.com.tw/job/4zlf9?jobsource=jolist_a_relevance,1,0,0,0,0,0,0,0,0,0,0,0,0,0,0
黃金娛樂科技有限公司,產品企劃,電腦軟體服務業,待遇面議,http://www.104.com.tw/job/6ue3o?jobsource=jolist_a_relevance,0,0,0,0,0,0,0,0,0,0,0,0,0,0,0
